_id;label
5d66a11808b3d612bd086579;Accompagnement de personne âgée
5d66a11808b3d612bd08657a;Accompagnement d'enfant
5d66a11808b3d612bd08657b;Livraison de courses
5d66a11808b3d612bd08657c;Livraison de repas
5d66a11808b3d612bd08657d;Assistance administrative
5d66a11808b3d612bd08657e;Aide à la lecture
5d66a11808b3d612bd08657f;Aide à la lecture
5d66a11808b3d612bd086580;Confection repas midi
5d66a11808b3d612bd086581;Confection repas soir
5d66a11808b3d612bd086582;Dame de compagnie
5d66a11808b3d612bd086583;Toilette
5d66a11808b3d612bd086584;Livraison de repas
5d66a11808b3d612bd086585;Livraison de courses
5d66a11808b3d612bd086586;Accompagnement de personne handicapée
5d66a11808b3d612bd086587;Animation comédien
5d66a11808b3d612bd086588;Compagnie
5d66a11808b3d612bd086589;Assistance administrative
5d66a11808b3d612bd08658a;Animation danseur
5d66a11808b3d612bd08658b;Confection repas soir personne âgée
5d66a11808b3d612bd08658c;Affûtage d'outil
5d66a11808b3d612bd08658d;Animation humoriste
5d66a11808b3d612bd08658e;Confection repas midi personne âgée
5d66a11808b3d612bd08658f;Animation imitateur
5d66a11808b3d612bd086590;Animation jongleur
5d66a11808b3d612bd086591;Stripteaser
5d66a11808b3d612bd086592;Animateur de soirée
5d66a11808b3d612bd086593;Stripteaseuse
5d66a11808b3d612bd086594;Animation sosie
5d66a11808b3d612bd086595;Pack animation midi et soirée
5d66a11808b3d612bd086596;Animation comédien
5d66a11808b3d612bd086597;Animation magicien
5d66a11808b3d612bd086598;Animation danseur
5d66a11808b3d612bd086599;Animation clown
5d66a11808b3d612bd08659a;Toilette personne âgée
5d66a11808b3d612bd08659b;Cours d'allemand
5d66a11808b3d612bd08659c;Animation magicien
5d66a11808b3d612bd08659d;Animateur de soirée
5d66a11808b3d612bd08659e;Animation jongleur
5d66a11808b3d612bd08659f;Cours de chinois
5d66a11808b3d612bd0865a0;Cours de japonais
5d66a11808b3d612bd0865a1;Sculpteur de ballons
5d66a11808b3d612bd0865a2;Cours de néerlandais
5d66a11808b3d612bd0865a3;Cours de portugais
5d66a11808b3d612bd0865a4;Animateur-animatrice
5d66a11808b3d612bd0865a5;Cours de russe
5d66a11808b3d612bd0865a6;Cours d'espagnol
5d66a11808b3d612bd0865a7;Cours d'italien
5d66a11808b3d612bd0865a8;Cours de grec
5d66a11808b3d612bd0865a9;Cours de serbe
5d66a11808b3d612bd0865aa;Cours de latin
5d66a11808b3d612bd0865ab;Cours de français
5d66a11808b3d612bd0865ac;Cours d'anglais
5d66a11808b3d612bd0865ad;Cours de mandarin
5d66a11808b3d612bd0865ae;Apprentissage langue des signes
5d66a11808b3d612bd0865af;Cours création bijoux tissage
5d66a11808b3d612bd0865b0;Prise en main mobile (Android ou iPhone)
5d66a11808b3d612bd0865b1;Cours création bijoux FIMO
5d66a11808b3d612bd0865b2;Cours création bijoux perles & breloques
5d66a11808b3d612bd0865b3;Cours d'arabe
5d66a11808b3d612bd0865b4;Atelier confection poudre matifiante
5d66a11808b3d612bd0865b5;Atelier confection rouge à lèvres
5d66a11808b3d612bd0865b6;Atelier confection gloss à lèvres
5d66a11808b3d612bd0865b7;Atelier confection baume à lèvres
5d66a11808b3d612bd0865b8;Atelier confection vernis à ongles
5d66a11808b3d612bd0865b9;Atelier confection poudre du soleil
5d66a11808b3d612bd0865ba;Atelier confection eye liner
5d66a11808b3d612bd0865bb;Atelier confection shampoing sec
5d66a11808b3d612bd0865bc;Atelier confection mascara
5d66a11808b3d612bd0865bd;Atelier confection crème corps
5d66a11808b3d612bd0865be;Atelier confection gommage visage
5d66a11808b3d612bd0865bf;Atelier confection savon mains
5d66a11808b3d612bd0865c0;Atelier confection lotion après soleil
5d66a11808b3d612bd0865c1;Atelier confection crème visage
5d66a11808b3d612bd0865c2;Atelier confection gommage corps
5d66a11808b3d612bd0865c3;Atelier confection masque visage
5d66a11808b3d612bd0865c4;Atelier confection masque cheveux
5d66a11808b3d612bd0865c5;Atelier confection sérum yeux
5d66a11808b3d612bd0865c6;Atelier confection bombe de bain
5d66a11808b3d612bd0865c7;Atelier confection dentifrice
5d66a11808b3d612bd0865c8;Atelier confection nettoyant visage
5d66a11808b3d612bd0865c9;Atelier confection crème anti-moustique
5d66a11808b3d612bd0865ca;Atelier confection soin cheveux
5d66a11808b3d612bd0865cb;Atelier confection sel de bain
5d66a11808b3d612bd0865cc;Atelier confection lait démaquillant visage
5d66a11808b3d612bd0865cd;Atelier confection parfums
5d66a11808b3d612bd0865ce;Atelier confection patch anti-points noirs
5d66a11808b3d612bd0865cf;Atelier confection gel après rasage
5d66a11808b3d612bd0865d0;Atelier confection lingette démaquillante lavable
5d66a11808b3d612bd0865d1;Atelier confection lessive
5d66a11808b3d612bd0865d2;Atelier confection anti-poux
5d66a11808b3d612bd0865d3;Atelier confection dégraissant multi surface
5d66a11808b3d612bd0865d4;Atelier confection pastilles lave-vaisselle
5d66a11808b3d612bd0865d5;Atelier confection lave vitre
5d66a11808b3d612bd0865d6;Atelier confection démêlant cheveux
5d66a11808b3d612bd0865d7;Atelier confection liquide vaisselle
5d66a11808b3d612bd0865d8;Cours de tricot
5d66a11808b3d612bd0865d9;Cours de canevas
5d66a11808b3d612bd0865da;Atelier confection gel coiffant
5d66a11808b3d612bd0865db;Atelier confection détachant
5d66a11808b3d612bd0865dc;Atelier confection désodorisant intérieur
5d66a11808b3d612bd0865dd;Cours de couture
5d66a11808b3d612bd0865de;Cours de crochet
5d66a11808b3d612bd0865df;Cours de broderie
5d66a11808b3d612bd0865e0;Cours de mosaïque
5d66a11808b3d612bd0865e1;Cours de scrapbooking
5d66a11808b3d612bd0865e2;Cours de poterie
5d66a11808b3d612bd0865e3;Atelier Décopatch
5d66a11808b3d612bd0865e4;Atelier pliages
5d66a11808b3d612bd0865e5;Taille de barbe simple
5d66a11808b3d612bd0865e6;Taille de barbe travaillée
5d66a11808b3d612bd0865e7;Taille de barbe avec soins
5d66a11808b3d612bd0865e8;Teinture de barbe
5d66a11808b3d612bd0865e9;Rasage à l'ancienne avec soins
5d66a11808b3d612bd0865ea;Soin des ongles et pose de vernis
5d66a11808b3d612bd0865eb;Pose complète d'ongles en résine et pose d'un vernis
5d66a11808b3d612bd0865ec;Remplissage de résine et French manucure
5d66a11808b3d612bd0865ed;Pose complète d'ongles en résine et French manucure
5d66a11808b3d612bd0865ee;Remplissage de résine et pose d'un vernis
5d66a11808b3d612bd0865ef;Supplément capsules
5d66a11808b3d612bd0865f0;Pose complète d'ongles et French manucure
5d66a11808b3d612bd0865f1;Supplément chablon
5d66a11808b3d612bd0865f2;Supplément nail art
5d66a11808b3d612bd0865f3;Beauté des pieds
5d66a11808b3d612bd0865f4;Remplissage de gel et pose d'un vernis
5d66a11808b3d612bd0865f5;Beauté des pieds et vernis
5d66a11808b3d612bd0865f6;Beauté des pieds et gel
5d66a11808b3d612bd0865f7;Beauté des pieds et vernis semi-permanent
5d66a11808b3d612bd0865f8;Remplissage de gel et French manucure
5d66a11808b3d612bd0865f9;Installation chauffe-eau
5d66a11808b3d612bd0865fa;Dépose gel
5d66a11808b3d612bd0865fb;Installation chaudière à condensation
5d66a11808b3d612bd0865fc;Installation chaudière à basse température
5d66a11808b3d612bd0865fd;Installation poële à granulé
5d66a11808b3d612bd0865fe;Installation chaudière à ventouse
5d66a11808b3d612bd0865ff;Pose complète d'ongles en gel et pose d'un vernis
5d66a11808b3d612bd086600;Installation poële à bois
5d66a11808b3d612bd086601;Dépose gel/résine
5d66a11808b3d612bd086602;Installation radiateur
5d66a11808b3d612bd086603;Installation sèche-serviette
5d66a11808b3d612bd086604;Installation cheminée
5d66a11808b3d612bd086605;Réparation chauffe-eau
5d66a11808b3d612bd086606;Réparation chaudière
5d66a11808b3d612bd086607;Réparation poêle
5d66a11808b3d612bd086608;Remplacement vitre cheminée
5d66a11808b3d612bd086609;Réparation radiateur
5d66a11808b3d612bd08660a;Réparation cheminée
5d66a11808b3d612bd08660b;Réparation climatisation
5d66a11808b3d612bd08660c;Installation clôture
5d66a11808b3d612bd08660d;Installation portail
5d66a11808b3d612bd08660e;Réparation sèche-serviette
5d66a11808b3d612bd08660f;Réparation clôture
5d66a11808b3d612bd086610;Coaching bien être
5d66a11808b3d612bd086611;Cure énergétique
5d66a11808b3d612bd086612;Diététique
5d66a11808b3d612bd086613;Réparation portail
5d66a11808b3d612bd086614;Penderiologie
5d66a11808b3d612bd086615;Shampoing
5d66a11808b3d612bd086616;Nutrithérapie
5d66a11808b3d612bd086617;Coupe classique
5d66a11808b3d612bd086618;Permanente
5d66a11808b3d612bd086619;Brushing
5d66a11808b3d612bd08661a;Coupe création
5d66a11808b3d612bd08661b;Couleur racine
5d66a11808b3d612bd08661c;Brushing court et mi long
5d66a11808b3d612bd08661d;Shampoing
5d66a11808b3d612bd08661e;Coupe classique
5d66a11808b3d612bd08661f;Couleur complète
5d66a11808b3d612bd086620;Brushing long
5d66a11808b3d612bd086621;Coupe création
5d66a11808b3d612bd086622;Brushing élaboré
5d66a11808b3d612bd086623;Couleur racine
5d66a11808b3d612bd086624;Couleur complète
5d66a11808b3d612bd086625;Soins
5d66a11808b3d612bd086626;Coiffure de mariage avec essai
5d66a11808b3d612bd086627;Coiffure de soirée
5d66a11808b3d612bd086628;Lissage brésilien
5d66a11808b3d612bd086629;Patine
5d66a11808b3d612bd08662a;Balayage
5d66a11808b3d612bd08662b;Défrisage
5d66a11808b3d612bd08662c;Dépose d'extensions
5d66a11808b3d612bd08662d;Permanente
5d66a11808b3d612bd08662e;Coupe création
5d66a11808b3d612bd08662f;Shampoing
5d66a11808b3d612bd086630;Tie and dye
5d66a11808b3d612bd086631;Pose d'extension
5d66a11808b3d612bd086632;Assouplissement naturel
5d66a11808b3d612bd086633;Coupe classique
5d66a11808b3d612bd086634;Curly
5d66a11808b3d612bd086635;Défrisage
5d66a11808b3d612bd086636;Wave
5d66a11808b3d612bd086637;Mèche
5d66a11808b3d612bd086638;Tresses couchées avec rajouts
5d66a11808b3d612bd086639;Dépose tresses
5d66a11808b3d612bd08663a;Box Braid court
5d66a11808b3d612bd08663b;Box Braid Mi-long
5d66a11808b3d612bd08663c;Locks Twist
5d66a11808b3d612bd08663d;Départ locks
5d66a11808b3d612bd08663e;Box Braid long
5d66a11808b3d612bd08663f;Finger twist
5d66a11808b3d612bd086640;Entretien locks
5d66a11808b3d612bd086641;Tissage
5d66a11808b3d612bd086642;Dépose d'extension
5d66a11808b3d612bd086643;Dépose tissage
5d66a11808b3d612bd086644;Pose d'extension
5d66a11808b3d612bd086645;Tresses couchées couchées demi-tête
5d66a11808b3d612bd086646;Lissage brésilien
5d66a11808b3d612bd086647;Lissage 100% naturel
5d66a11808b3d612bd086648;Lissage au tanin sans formol
5d66a11808b3d612bd086649;Coloration sur tissage
5d66a11808b3d612bd08664a;Création ou renouvellement de carte grise
5d66a11808b3d612bd08664b;Mèches sur tissage
5d66a11808b3d612bd08664c;Création ou renouvellement de passeport et carte d'identité
5d66a11808b3d612bd08664d;"Arrivée-accueil, remise des clés et conseils"
5d66a11808b3d612bd08664e;Ménage après location
5d66a11808b3d612bd08664f;Création et renouvellement de visa
5d66a11808b3d612bd086650;Départ-reprise clés et checkout
5d66a11808b3d612bd086651;Conducteur de mini-pelle
5d66a11808b3d612bd086652;Conducteur de chargeuse pelleteuse
5d66a11808b3d612bd086653;Blanchisserie - lavage et remplacement des draps
5d66a11808b3d612bd086654;Conducteur de mini compacteur
5d66a11808b3d612bd086655;Conducteur de finisseur
5d66a11808b3d612bd086656;Conducteur de chargeuse à pneus
5d66a11808b3d612bd086657;Conducteur de bouteur
5d66a11808b3d612bd086658;Conducteur de raboteuse
5d66a11808b3d612bd086659;Conducteur de pulvimixeur
5d66a11808b3d612bd08665a;Conducteur de pelle à chenille
5d66a11808b3d612bd08665b;Conducteur de niveleuse
5d66a11808b3d612bd08665c;Conducteur de pelle à pneus
5d66a11808b3d612bd08665d;Conducteur de mini-chargeuse
5d66a11808b3d612bd08665e;Conducteur de compacteur
5d66a11808b3d612bd08665f;Conducteur de tombereau
5d66a11808b3d612bd086660;Conducteur de tracteur agricole
5d66a11808b3d612bd086661;Conducteur de chariot élévateur de chantier
5d66a11808b3d612bd086662;Conducteur de plateforme élévatrice verticale
5d66a11808b3d612bd086663;Conducteur de plateforme élévatrice multi-directionnelle
5d66a11808b3d612bd086664;Conseils juridiques
5d66a11808b3d612bd086665;Conseils en comptabilité
5d66a11808b3d612bd086666;Conseils en assurance
5d66a11808b3d612bd086667;Avocat
5d66a11808b3d612bd086668;Généalogie
5d66a11808b3d612bd086669;Conseils en expertise de biens
5d66a11808b3d612bd08666a;Détective privée
5d66a11808b3d612bd08666b;Recherche achat maison ou appartement
5d66a11808b3d612bd08666c;Secrétariat
5d66a11808b3d612bd08666d;Recherche vente maison ou appartement
5d66a11808b3d612bd08666e;Recherche location maison ou appartement
5d66a11808b3d612bd08666f;Réparation talonnette
5d66a11808b3d612bd086670;Réparation talon cuir ou haut
5d66a11808b3d612bd086671;Redresse talon
5d66a11808b3d612bd086672;Conseils financiers
5d66a11808b3d612bd086673;Conseiller personnel
5d66a11808b3d612bd086674;Changement talons hauts
5d66a11808b3d612bd086675;Changement talonnettes
5d66a11808b3d612bd086676;Conseils fiscaux
5d66a11808b3d612bd086677;Pose patins caoutchouc
5d66a11808b3d612bd086678;Changement talons cuir ou épais
5d66a11808b3d612bd086679;Conseil en patrimoine
5d66a11808b3d612bd08667a;Pose de semelles caoutchouc
5d66a11808b3d612bd08667b;Conseil en crédit
5d66a11808b3d612bd08667c;Pose de demi semelles caoutchouc
5d66a11808b3d612bd08667d;Pose demi semelles cuir
5d66a11808b3d612bd08667e;Protection fer ou nylon
5d66a11808b3d612bd08667f;Pose semelle cuir
5d66a11808b3d612bd086680;Fers encastrés vissés
5d66a11808b3d612bd086681;Couture Blake
5d66a11808b3d612bd086682;Fers encastrés cloués
5d66a11808b3d612bd086683;Forçage jambes
5d66a11808b3d612bd086684;Réparation œillet
5d66a11808b3d612bd086685;Réparation pression
5d66a11808b3d612bd086686;Réparation élastique
5d66a11808b3d612bd086687;Articles à coudre ou à coller
5d66a11808b3d612bd086688;Pose d'antiglissoirs
5d66a11808b3d612bd086689;Couture sous gravure
5d66a11808b3d612bd08668a;Pose d'antiglissoirs bottes
5d66a11808b3d612bd08668b;Réparation fermeture éclair
5d66a11808b3d612bd08668c;Pose d'antiglissoirs bottines
5d66a11808b3d612bd08668d;Teinture bottines
5d66a11808b3d612bd08668e;Teinture chaussures
5d66a11808b3d612bd08668f;Cirage chaussures
5d66a11808b3d612bd086690;Cirage bottines
5d66a11808b3d612bd086691;Forçage chaussures
5d66a11808b3d612bd086692;Teinture bottes
5d66a11808b3d612bd086693;Introduction à l'art moderne
5d66a11808b3d612bd086694;Introduction au réalisme
5d66a11808b3d612bd086695;Cirage bottes
5d66a11808b3d612bd086696;Introduction à l'abstrait
5d66a11808b3d612bd086697;Introduction à l'art contemporain
5d66a11808b3d612bd086698;Taekwondo
5d66a11808b3d612bd086699;Boxe anglaise
5d66a11808b3d612bd08669a;Boxe française
5d66a11808b3d612bd08669b;Forçage bottes
5d66a11808b3d612bd08669c;Couture petits points
5d66a11808b3d612bd08669d;Redresse semelle
5d66a11808b3d612bd08669e;Boxe américaine
5d66a11808b3d612bd08669f;Boxe thaï
5d66a11808b3d612bd0866a0;Boxe chinoise
5d66a11808b3d612bd0866a1;Aïkido
5d66a11808b3d612bd0866a2;Kyudo
5d66a11808b3d612bd0866a3;Jujitsu
5d66a11808b3d612bd0866a4;Ninjutsu
5d66a11808b3d612bd0866a5;Aïkibudo
5d66a11808b3d612bd0866a6;Judo
5d66a11808b3d612bd0866a7;Karaté
5d66a11808b3d612bd0866a8;Jodo
5d66a11808b3d612bd0866a9;Kobudo
5d66a11808b3d612bd0866aa;Kendo
5d66a11808b3d612bd0866ab;Yoseikan budo
5d66a11808b3d612bd0866ac;Sumo
5d66a11808b3d612bd0866ad;Wing chun
5d66a11808b3d612bd0866ae;Kung fu
5d66a11808b3d612bd0866af;Naban
5d66a11808b3d612bd0866b0;Lethwei
5d66a11808b3d612bd0866b1;Bando
5d66a11808b3d612bd0866b2;Jeet kune do
5d66a11808b3d612bd0866b3;Krabi krabong
5d66a11808b3d612bd0866b4;Muay boran
5d66a11808b3d612bd0866b5;Muay thaï
5d66a11808b3d612bd0866b6;Apprentissage Excel
5d66a11808b3d612bd0866b7;Équitation
5d66a11808b3d612bd0866b8;Apprentissage Outlook
5d66a11808b3d612bd0866b9;Capoeira
5d66a11808b3d612bd0866ba;Apprentissage Word
5d66a11808b3d612bd0866bb;Apprentissage Powerpoint
5d66a11808b3d612bd0866bc;Apprentissage Internet
5d66a11808b3d612bd0866bd;Apprentissage Java
5d66a11808b3d612bd0866be;Apprentissage Python
5d66a11808b3d612bd0866bf;Apprentissage C.
5d66a11808b3d612bd0866c0;Apprentissage C#
5d66a11808b3d612bd0866c1;Apprentissage C++
5d66a11808b3d612bd0866c2;Apprentissage Objective-C
5d66a11808b3d612bd0866c3;Wushu
5d66a11808b3d612bd0866c4;Tai-chi-chuan
5d66a11808b3d612bd0866c5;Banshay
5d66a11808b3d612bd0866c6;Apprentissage Aftereffect
5d66a11808b3d612bd0866c7;Apprentissage Illustrator
5d66a11808b3d612bd0866c8;Apprentissage Ruby
5d66a11808b3d612bd0866c9;Apprentissage Imovie
5d66a11808b3d612bd0866ca;Apprentissage Indesign
5d66a11808b3d612bd0866cb;Apprentissage PHP
5d66a11808b3d612bd0866cc;Apprentissage Première
5d66a11808b3d612bd0866cd;Apprentissage Autocad
5d66a11808b3d612bd0866ce;Apprentissage GarageBand
5d66a11808b3d612bd0866cf;Apprentissage Akai
5d66a11808b3d612bd0866d0;Apprentissage Fl Studio
5d66a11808b3d612bd0866d1;Cours de piano
5d66a11808b3d612bd0866d2;Apprentissage Virtual DJ
5d66a11808b3d612bd0866d3;Cours de guitare électrique
5d66a11808b3d612bd0866d4;Cours de violoncelle
5d66a11808b3d612bd0866d5;Apprentissage Logic Pro X
5d66a11808b3d612bd0866d6;Cours de guitare basse
5d66a11808b3d612bd0866d7;Cours de violon
5d66a11808b3d612bd0866d8;Cours de banjo
5d66a11808b3d612bd0866d9;Cours de ukulélé
5d66a11808b3d612bd0866da;Cours de mandoline
5d66a11808b3d612bd0866db;Cours de contrebasse
5d66a11808b3d612bd0866dc;Cours de cithare
5d66a11808b3d612bd0866dd;Cours de harpe
5d66a11808b3d612bd0866de;Cours de clarinette
5d66a11808b3d612bd0866df;Cours de flûte
5d66a11808b3d612bd0866e0;Cours de guitare classique
5d66a11808b3d612bd0866e1;Cours de saxophone
5d66a11808b3d612bd0866e2;Cours de trompette
5d66a11808b3d612bd0866e3;Cours d'accordéon
5d66a11808b3d612bd0866e4;Cours d'harmonica
5d66a11808b3d612bd0866e5;Cours d'œnologie
5d66a11808b3d612bd0866e6;Cours de cornemuse
5d66a11808b3d612bd0866e7;Cours de tuba
5d66a11808b3d612bd0866e8;Cours de cor
5d66a11808b3d612bd0866e9;Cours cuisine asiatique
5d66a11808b3d612bd0866ea;Cours de chant
5d66a11808b3d612bd0866eb;Cours tapas & apéritif
5d66a11808b3d612bd0866ec;Cours cuisine bistrot
5d66a11808b3d612bd0866ed;Cours plats en sauce
5d66a11808b3d612bd0866ee;Cours cuisine italienne
5d66a11808b3d612bd0866ef;Cours cuisine française
5d66a11808b3d612bd0866f0;Cours cuisine indienne
5d66a11808b3d612bd0866f1;Cours cuisine orientale
5d66a11808b3d612bd0866f2;Atelier poisson & crustacés
5d66a11808b3d612bd0866f3;Atelier viandes et grillades
5d66a11808b3d612bd0866f4;Atelier végan
5d66a11808b3d612bd0866f5;Danse moderne / jazz
5d66a11808b3d612bd0866f6;Cours sushis makis
5d66a11808b3d612bd0866f7;Danse classique
5d66a11808b3d612bd0866f8;Tango
5d66a11808b3d612bd0866f9;Danse de salon
5d66a11808b3d612bd0866fa;Hip Hop
5d66a11808b3d612bd0866fb;Break Dance
5d66a11808b3d612bd0866fc;Rock
5d66a11808b3d612bd0866fd;Orientale
5d66a11808b3d612bd0866fe;Samba
5d66a11808b3d612bd0866ff;Cours boulangerie
5d66a11808b3d612bd086700;Cha-cha-cha
5d66a11808b3d612bd086701;Rumba
5d66a11808b3d612bd086702;Paso doble
5d66a11808b3d612bd086703;Valse viennoise
5d66a11808b3d612bd086704;Tango de salon
5d66a11808b3d612bd086705;Quickstep
5d66a11808b3d612bd086706;Slow fox
5d66a11808b3d612bd086707;Golf
5d66a11808b3d612bd086708;Cours de synthétiseur
5d66a11808b3d612bd086709;Mécanique auto
5d66a11808b3d612bd08670a;Mécanique moto
5d66a11808b3d612bd08670b;Apnée
5d66a11808b3d612bd08670c;Valse lente
5d66a11808b3d612bd08670d;Natation classique
5d66a11808b3d612bd08670e;Natation synchronisée
5d66a11808b3d612bd08670f;Mécanique quad
5d66a11808b3d612bd086710;Salsa
5d66a11808b3d612bd086711;Atelier choux & cannelés
5d66a11808b3d612bd086712;Tango argentin
5d66a11808b3d612bd086713;Atelier macaron
5d66a11808b3d612bd086714;Atelier tarte
5d66a11808b3d612bd086715;Atelier tout chocolat
5d66a11808b3d612bd086716;Jive
5d66a11808b3d612bd086717;Atelier mousse
5d66a11808b3d612bd086718;Cours de batterie
5d66a11808b3d612bd086719;Atelier glaces
5d66a11808b3d612bd08671a;Cours viennoiserie
5d66a11808b3d612bd08671b;Cours de tam-tam
5d66a11808b3d612bd08671c;Cours de xylophone
5d66a11808b3d612bd08671d;Cours de timbales
5d66a11808b3d612bd08671e;Cours de tambour
5d66a11808b3d612bd08671f;Stott pilates
5d66a11808b3d612bd086720;Pilates power
5d66a11808b3d612bd086721;Ski alpin
5d66a11808b3d612bd086722;Yoga Pilates
5d66a11808b3d612bd086723;Plongée en piscine
5d66a11808b3d612bd086724;Plongée en mer
5d66a11808b3d612bd086725;Snowboard
5d66a11808b3d612bd086726;Atelier pâtisseries orientales
5d66a11808b3d612bd086727;Atelier meringue
5d66a11808b3d612bd086728;Atelier fruits
5d66a11808b3d612bd086729;Cours de djembés
5d66a11808b3d612bd08672a;Ski de fond
5d66a11808b3d612bd08672b;Télémark
5d66a11808b3d612bd08672c;Tennis simple
5d66a11808b3d612bd08672d;Apprentissage du solfège
5d66a11808b3d612bd08672e;Hatha Yoga
5d66a11808b3d612bd08672f;Tennis de table
5d66a11808b3d612bd086730;Power Yoga
5d66a11808b3d612bd086731;Astanga Yoga
5d66a11808b3d612bd086732;Kundalini Yoga
5d66a11808b3d612bd086733;Iyengar Yoga
5d66a11808b3d612bd086734;Cours d'anglais
5d66a11808b3d612bd086735;Vinyasa Yoga
5d66a11808b3d612bd086736;Soutien scolaire primaire
5d66a11808b3d612bd086737;Noga Ndira
5d66a11808b3d612bd086738;Cours d'allemand
5d66a11808b3d612bd086739;Cours d'espagnol
5d66a11808b3d612bd08673a;Cours de mathématiques
5d66a11808b3d612bd08673b;Cours de français
5d66a11808b3d612bd08673c;Cours de philosophie
5d66a11808b3d612bd08673d;Cours de chimie
5d66a11808b3d612bd08673e;Surf
5d66a11808b3d612bd08673f;Cours de physique
5d66a11808b3d612bd086740;Voile
5d66a11808b3d612bd086741;Kitesurf
5d66a11808b3d612bd086742;Aviron
5d66a11808b3d612bd086743;Cours de biologie
5d66a11808b3d612bd086744;Planche à voile
5d66a11808b3d612bd086745;Paddle
5d66a11808b3d612bd086746;Ski nautique
5d66a11808b3d612bd086747;Cours d'histoire-géographie
5d66a11808b3d612bd086748;Ourlets de revers
5d66a11808b3d612bd086749;Pose de fermeture
5d66a11808b3d612bd08674a;Reprise arrière et ceinture
5d66a11808b3d612bd08674b;Reprise cotés et ceinture
5d66a11808b3d612bd08674c;Pose doublure
5d66a11808b3d612bd08674d;Changement doublure
5d66a11808b3d612bd08674e;Reprise largeur jambes
5d66a11808b3d612bd08674f;Réparation bouton
5d66a11808b3d612bd086750;Pose triangle ceinture
5d66a11808b3d612bd086751;Ourlets manches
5d66a11808b3d612bd086752;Pose poches pantalon
5d66a11808b3d612bd086753;Reprise poignets avec pattes
5d66a11808b3d612bd086754;Changement poches pantalon
5d66a11808b3d612bd086755;Ourlet veste ou manteau avec doublure
5d66a11808b3d612bd086756;Changement élastique
5d66a11808b3d612bd086757;Pose de fermeture veste
5d66a11808b3d612bd086758;Ourlet veste chemisier ou manteau sans doublure
5d66a11808b3d612bd086759;Pose élastique taille
5d66a11808b3d612bd08675a;Pose de fermeture blouson moto
5d66a11808b3d612bd08675b;Pose de fermeture veste cuir
5d66a11808b3d612bd08675c;Reprise fond de pantalon
5d66a11808b3d612bd08675d;Pose de fermeture manteau
5d66a11808b3d612bd08675e;Réparation accroc
5d66a11808b3d612bd08675f;Reprise côtés et emmanchures
5d66a11808b3d612bd086760;Réparation bouton
5d66a11808b3d612bd086761;Ourlet double rideau doublé
5d66a11808b3d612bd086762;Coupe et ourlet rideau
5d66a11808b3d612bd086763;Ourlet double rideau
5d66a11808b3d612bd086764;Changement col de veste
5d66a11808b3d612bd086765;Réparation accroc
5d66a11808b3d612bd086766;Pose anneau
5d66a11808b3d612bd086767;Ourlet de rideau
5d66a11808b3d612bd086768;Confection coussin avec fermeture et bourrelet
5d66a11808b3d612bd086769;Confection coussin avec fermeture
5d66a11808b3d612bd08676a;Reprise de nappe
5d66a11808b3d612bd08676b;"Fabrication nouettes, pattes"
5d66a11808b3d612bd08676c;Fabrication embrasse
5d66a11808b3d612bd08676d;Confection coussin sans fermeture
5d66a11808b3d612bd08676e;Changement doublure veste ou manteau
5d66a11808b3d612bd08676f;DIY palettes
5d66a11808b3d612bd086770;Crépi mur
5d66a11808b3d612bd086771;Pose doublure veste ou manteau
5d66a11808b3d612bd086772;Changement ruflette
5d66a11808b3d612bd086773;Crépis taloché mur
5d66a11808b3d612bd086774;Crépis projeté mur
5d66a11808b3d612bd086775;Crépis au rouleau mur
5d66a11808b3d612bd086776;Crépis projeté et taloché mur
5d66a11808b3d612bd086777;Crépis projeté façade
5d66a11808b3d612bd086778;Crépis taloché façade
5d66a11808b3d612bd086779;Crépis projeté et taloché façade
5d66a11808b3d612bd08677a;Crépis au rouleau façade
5d66a11808b3d612bd08677b;Déblaiement gravats et déchets
5d66a11808b3d612bd08677c;Débourrage cheval
5d66a11808b3d612bd08677d;Déblaiement autres ferrailles
5d66a11808b3d612bd08677e;Pliage de serviette
5d66a11808b3d612bd08677f;Décoration soirée
5d66a11808b3d612bd086780;Découpe de bois en 1 mètre
5d66a11808b3d612bd086781;Chef privé jusqu'à 15 convives
5d66a11808b3d612bd086782;Architecte d'intérieur
5d66a11808b3d612bd086783;Découpe de bois en 30 cm
5d66a11808b3d612bd086784;Découpe de bois en 50 cm
5d66a11808b3d612bd086785;Déblaiement meubles & électroménager
5d66a11808b3d612bd086786;Débourrage poney
5d66a11808b3d612bd086787;Décoration mariage
5d66a11808b3d612bd086788;Aide au déménagement
5d66a11808b3d612bd086789;Déménagement grenier
5d66a11808b3d612bd08678a;Déménagement cave
5d66a11808b3d612bd08678b;Débourrage poulain
5d66a11808b3d612bd08678c;"Déménagement avec camion, chauffeur et déménageur"
5d66a11808b3d612bd08678d;Déménagement - mise en carton
5d66a11808b3d612bd08678e;Dépôt et retrait de clés et chaussures chez le cordonnier
5d66a11808b3d612bd08678f;Dépôt et retrait de colis à la poste et point relais
5d66a11808b3d612bd086790;Dépôt et retrait de linge au pressing
5d66a11808b3d612bd086791;Dépôt et retrait de vêtements chez le couturier
5d66a11808b3d612bd086792;Retrait de courses et livraison
5d66a11808b3d612bd086793;Livraison et retrait meuble
5d66a11808b3d612bd086794;Dépigeonnage
5d66a11808b3d612bd086795;Retrait de meubles et livraison
5d66a11808b3d612bd086796;Désencombrage maison
5d66a11808b3d612bd086797;Atelier dessin sur mesure
5d66a11808b3d612bd086798;Les bases du dessin
5d66a11808b3d612bd086799;Dessiner la perspective
5d66a11808b3d612bd08679a;Dessiner à l'encre
5d66a11808b3d612bd08679b;Dessiner au fusain
5d66a11808b3d612bd08679c;Atelier peinture classique
5d66a11808b3d612bd08679d;Atelier aquarelle
5d66a11808b3d612bd08679e;Atelier peinture à l'huile
5d66a11808b3d612bd08679f;Peinture sur textile
5d66a11808b3d612bd0867a0;DJ toutes influences musicales
5d66a11808b3d612bd0867a1;DJ d'influence orientale
5d66a11808b3d612bd0867a2;DJ d'influence afro-américaine
5d66a11808b3d612bd0867a3;Désinsectisation
5d66a11808b3d612bd0867a4;DJ d'influence musique classique
5d66a11808b3d612bd0867a5;DJ d'influence musique électronique
5d66a11808b3d612bd0867a6;DJ variété française et internationale
5d66a11808b3d612bd0867a7;DJ toutes influences musicales
5d66a11808b3d612bd0867a8;DJ d'influence afro-américaine
5d66a11808b3d612bd0867a9;DJ d'influence orientale
5d66a11808b3d612bd0867aa;DJ variété française et internationale
5d66a11808b3d612bd0867ab;DJ d'influence musique classique
5d66a11808b3d612bd0867ac;DJ d'influence musique électronique
5d66a11808b3d612bd0867ad;Dressage canin classique
5d66a11808b3d612bd0867ae;Dressage chien de chasse
5d66a11808b3d612bd0867af;Dératisation
5d66a11808b3d612bd0867b0;Détaupage
5d66a11808b3d612bd0867b1;Dressage chien de défense
5d66a11808b3d612bd0867b2;Destruction de nids guêpes et de frelons
5d66a11808b3d612bd0867b3;Installation spot
5d66a11808b3d612bd0867b4;Installation lampe
5d66a11808b3d612bd0867b5;Installation lampadaire
5d66a11808b3d612bd0867b6;Réparation spot
5d66a11808b3d612bd0867b7;Réparation lampe
5d66a11808b3d612bd0867b8;Réparation lampadaire
5d66a11808b3d612bd0867b9;Installation prise électrique
5d66a11808b3d612bd0867ba;Installation interrupteur
5d66a11808b3d612bd0867bb;Installation minuterie
5d66a11808b3d612bd0867bc;Installation sonnette
5d66a11808b3d612bd0867bd;Installation alarme sans fil
5d66a11808b3d612bd0867be;Installation VMC
5d66a11808b3d612bd0867bf;Installation interphone
5d66a11808b3d612bd0867c0;Installation thermostat
5d66a11808b3d612bd0867c1;Installation mécanisme portail
5d66a11808b3d612bd0867c2;Installation radiateur électrique
5d66a11808b3d612bd0867c3;Installation fusible
5d66a11808b3d612bd0867c4;Installation d'un visiophone
5d66a11808b3d612bd0867c5;Réparation prise électrique
5d66a11808b3d612bd0867c6;Installation luminaire
5d66a11808b3d612bd0867c7;Installation tableau électrique
5d66a11808b3d612bd0867c8;Réparation interrupteur
5d66a11808b3d612bd0867c9;Installation détecteur de fumée
5d66a11808b3d612bd0867ca;Réparation alarme sans fil
5d66a11808b3d612bd0867cb;Réparation minuterie
5d66a11808b3d612bd0867cc;Réparation sonnette
5d66a11808b3d612bd0867cd;Réparation d'un visiophone
5d66a11808b3d612bd0867ce;Réparation radiateur électrique
5d66a11808b3d612bd0867cf;Réparation mécanisme portail
5d66a11808b3d612bd0867d0;Réparation VMC
5d66a11808b3d612bd0867d1;Réparation thermostat
5d66a11808b3d612bd0867d2;Réparation interphone
5d66a11808b3d612bd0867d3;Recherche de panne électrique
5d66a11808b3d612bd0867d4;Réparation lave-linge
5d66a11808b3d612bd0867d5;Réparation lave-vaisselle
5d66a11808b3d612bd0867d6;Réparation réfrigérateur
5d66a11808b3d612bd0867d7;Réparation four
5d66a11808b3d612bd0867d8;Changement fusible
5d66a11808b3d612bd0867d9;Réparation sèche-linge
5d66a11808b3d612bd0867da;Réparation tableau électrique
5d66a11808b3d612bd0867db;Réparation congélateur
5d66a11808b3d612bd0867dc;Réparation micro-onde
5d66a11808b3d612bd0867dd;Réparation détecteur de fumée
5d66a11808b3d612bd0867de;Installation lave-linge
5d66a11808b3d612bd0867df;Installation lave-vaisselle
5d66a11808b3d612bd0867e0;Réparation hotte
5d66a11808b3d612bd0867e1;Installation réfrigérateur
5d66a11808b3d612bd0867e2;Installation four
5d66a11808b3d612bd0867e3;Installation sèche-linge
5d66a11808b3d612bd0867e4;Installation sèche-linge
5d66a11808b3d612bd0867e5;Installation congélateur
5d66a11808b3d612bd0867e6;Installation hotte
5d66a11808b3d612bd0867e7;Monte & entraînement cheval
5d66a11808b3d612bd0867e8;Monte & entraînement poney
5d66a11808b3d612bd0867e9;Nettoyage standard pont et cockpit
5d66a11808b3d612bd0867ea;Nettoyage & détachage pont et cockpit
5d66a11808b3d612bd0867eb;Nettoyage de coque
5d66a11808b3d612bd0867ec;Réparation luminaire
5d66a11808b3d612bd0867ed;Encastrement de câbles et gaines
5d66a11808b3d612bd0867ee;Nettoyage standard flying bridge
5d66a11808b3d612bd0867ef;Nettoyage & détachage flying bridge
5d66a11808b3d612bd0867f0;Nettoyage standard hublots et panneau de descente
5d66a11808b3d612bd0867f1;Nettoyage & détachage sellerie
5d66a11808b3d612bd0867f2;Nettoyage standard sellerie
5d66a11808b3d612bd0867f3;Nettoyage & détachage hublots et panneau de descente
5d66a11808b3d612bd0867f4;Nettoyage standard instruments
5d66a11808b3d612bd0867f5;Nettoyage et détachage instruments
5d66a11808b3d612bd0867f6;Nettoyage & détachage gorge des coffres
5d66a11808b3d612bd0867f7;Nettoyage standard gorge des coffres
5d66a11808b3d612bd0867f8;Nettoyage & détachage inox et accastillage
5d66a11808b3d612bd0867f9;Nettoyage standard carré vaigrages
5d66a11808b3d612bd0867fa;Nettoyage standard carré plafond
5d66a11808b3d612bd0867fb;Nettoyage & détachage de voiles
5d66a11808b3d612bd0867fc;Nettoyage complet carré vaigrages
5d66a11808b3d612bd0867fd;Nettoyage standard carré sols
5d66a11808b3d612bd0867fe;Nettoyage standard cabines et salles d'eau fonds
5d66a11808b3d612bd0867ff;Nettoyage complet cabines et salles d'eau sols
5d66a11808b3d612bd086800;Démontage de voiles
5d66a11808b3d612bd086801;Nettoyage complet cabines et salles d'eau fonds
5d66a11808b3d612bd086802;Nettoyage moteur
5d66a11808b3d612bd086803;Nettoyage carburateur aux ultra sons
5d66a11808b3d612bd086804;Nettoyage standard cabines et salles d'eau vaigrages
5d66a11808b3d612bd086805;Nettoyage complet cabines et salles d'eau vaigrages
5d66a11808b3d612bd086806;Révision moteur hors-bord
5d66a11808b3d612bd086807;Révision moteur in-bord
5d66a11808b3d612bd086808;Nettoyage complet carré plafond
5d66a11808b3d612bd086809;Recherche de panne
5d66a11808b3d612bd08680a;Nettoyage complet carré sols
5d66a11808b3d612bd08680b;Nettoyage standard cabines et salles d'eau sols
5d66a11808b3d612bd08680c;Révision pompe à eau
5d66a11808b3d612bd08680d;Pose - dépose du moteur
5d66a11808b3d612bd08680e;Rénovation teck
5d66a11808b3d612bd08680f;Nettoyage Box
5d66a11808b3d612bd086810;Réparation révision embase
5d66a11808b3d612bd086811;Ramassage fumier
5d66a11808b3d612bd086812;Remplacement disque
5d66a11808b3d612bd086813;Remplacement plaquette
5d66a11808b3d612bd086814;Remplacement chambre à aire
5d66a11808b3d612bd086815;Remplacement durite de freins
5d66a11808b3d612bd086816;Remplacement étrier
5d66a11808b3d612bd086817;Remplacement batterie
5d66a11808b3d612bd086818;Remplacement filtre à air
5d66a11808b3d612bd086819;Remplacement amortisseur
5d66a11808b3d612bd08681a;Remplacement roulement de roue
5d66a11808b3d612bd08681b;Remplacement bougie
5d66a11808b3d612bd08681c;Remplacement alternateur
5d66a11808b3d612bd08681d;Remplacement bobine
5d66a11808b3d612bd08681e;Vidange embrayage
5d66a11808b3d612bd08681f;Remplacement régulateur
5d66a11808b3d612bd086820;Remplacement câble d'embrayage
5d66a11808b3d612bd086821;Vidange moteur
5d66a11808b3d612bd086822;Pose kit chaîne
5d66a11808b3d612bd086823;Pose guidon street
5d66a11808b3d612bd086824;Pose bulle
5d66a11808b3d612bd086825;Remplacement colonne de direction
5d66a11808b3d612bd086826;Vidange des freins
5d66a11808b3d612bd086827;Remplacement d'ampoule
5d66a11808b3d612bd086828;Pose passage de roue
5d66a11808b3d612bd086829;Pose passage de roue avec clignotant
5d66a11808b3d612bd08682a;Pose pare-brise
5d66a11808b3d612bd08682b;Pose lèche roue
5d66a11808b3d612bd08682c;Pose échappement silencieux seul
5d66a11808b3d612bd08682d;Pose échappement ligne et catalyseur
5d66a11808b3d612bd08682e;Pose raccordement GPS
5d66a11808b3d612bd08682f;Pose d'alarme
5d66a11808b3d612bd086830;Pose plaque
5d66a11808b3d612bd086831;Tension et graissage de chaîne
5d66a11808b3d612bd086832;Contrôle et réglage synchro carburateur
5d66a11808b3d612bd086833;Nettoyage aux ultra sons
5d66a11808b3d612bd086834;Nettoyage
5d66a11808b3d612bd086835;Nettoyage tracteur
5d66a11808b3d612bd086836;Vidange moteur
5d66a11808b3d612bd086837;Vidange boite
5d66a11808b3d612bd086838;Montage de roue
5d66a11808b3d612bd086839;Réparation trottinette électrique
5d66a11808b3d612bd08683a;Réparation gyroroue
5d66a11808b3d612bd08683b;Réparation hoverboard
5d66a11808b3d612bd08683c;Remplacement boitier de pédalier
5d66a11808b3d612bd08683d;Remplacement chambre à air
5d66a11808b3d612bd08683e;Remplacement câble de gaine de freins et vitesse
5d66a11808b3d612bd08683f;Remplacement dérailleur
5d66a11808b3d612bd086840;Remplacement chaîne
5d66a11808b3d612bd086841;Remplacement roue libre
5d66a11808b3d612bd086842;Remplacement patte de dérailleur
5d66a11808b3d612bd086843;Remplacement levier de frein
5d66a11808b3d612bd086844;Remplacement couronne
5d66a11808b3d612bd086845;Remplacement manette de dérailleur
5d66a11808b3d612bd086846;Remplacement frein à disque
5d66a11808b3d612bd086847;Remplacement rayon de roue
5d66a11808b3d612bd086848;Remplacement cintre ou potence
5d66a11808b3d612bd086849;Remplacement dérailleur
5d66a11808b3d612bd08684a;Remplacement roue
5d66a11808b3d612bd08684b;Remplacement paire de pédale
5d66a11808b3d612bd08684c;Remplacement porte bagage ou garde boue
5d66a11808b3d612bd08684d;Remplacement selle
5d66a11808b3d612bd08684e;Remplacement plaquette
5d66a11808b3d612bd08684f;Remplacement fourche
5d66a11808b3d612bd086850;Remise en état
5d66a11808b3d612bd086851;Remplacement frein patin
5d66a11808b3d612bd086852;Remplacement pédalier
5d66a11808b3d612bd086853;Remplacement frein à tambour
5d66a11808b3d612bd086854;Remplacement disque et plaquette
5d66a11808b3d612bd086855;Remplacement kit de frein arrière
5d66a11808b3d612bd086856;Remplacement liquide de frein
5d66a11808b3d612bd086857;Remplacement étrier
5d66a11808b3d612bd086858;Remplacement répartiteur frein
5d66a11808b3d612bd086859;Remplacement pot de détente
5d66a11808b3d612bd08685a;Remplacement câble de frein à main
5d66a11808b3d612bd08685b;Remplacement tube intermédiaire
5d66a11808b3d612bd08685c;Remplacement silencieux
5d66a11808b3d612bd08685d;Remplacement ligne complète catalyseur
5d66a11808b3d612bd08685e;Remplacement amortisseur
5d66a11808b3d612bd08685f;Remplacement amortisseur cartouche
5d66a11808b3d612bd086860;Remplacement amortisseur jambe de force
5d66a11808b3d612bd086861;Remplacement sphère
5d66a11808b3d612bd086862;Remplacement sphère principale
5d66a11808b3d612bd086863;Remplacement filtre à huile
5d66a11808b3d612bd086864;Remplacement filtre à air
5d66a11808b3d612bd086865;Remplacement filtre à injection
5d66a11808b3d612bd086866;Remplacement filtre à habitacle
5d66a11808b3d612bd086867;Remplacement filtre à essence
5d66a11808b3d612bd086868;Remplacement cardan
5d66a11808b3d612bd086869;Remplacement rotule de direction
5d66a11808b3d612bd08686a;Remplacement rotule de suspension
5d66a11808b3d612bd08686b;Remplacement soufflet de cardan
5d66a11808b3d612bd08686c;Remplacement filtre à gasoil
5d66a11808b3d612bd08686d;Remplacement biellette de direction assistée
5d66a11808b3d612bd08686e;Remplacement roulement
5d66a11808b3d612bd08686f;Remplacement batterie
5d66a11808b3d612bd086870;Remplacement bougie essence
5d66a11808b3d612bd086871;Remplacement bougie préchauffage
5d66a11808b3d612bd086872;Remplacement roue
5d66a11808b3d612bd086873;Remplacement radiateur de refroidissement
5d66a11808b3d612bd086874;Remplacement phare
5d66a11808b3d612bd086875;Remplacement kit de distribution essence
5d66a11808b3d612bd086876;Remplacement clignotant
5d66a11808b3d612bd086877;Remplacement plaque d'immatriculation
5d66a11808b3d612bd086878;Pose de roue de secours
5d66a11808b3d612bd086879;Remplacement rétroviseur
5d66a11808b3d612bd08687a;Pose d'alarme
5d66a11808b3d612bd08687b;Pose autoradio
5d66a11808b3d612bd08687c;Pose système Parrot
5d66a11808b3d612bd08687d;Pose de vitre teintée
5d66a11808b3d612bd08687e;Vidange moteur
5d66a11808b3d612bd08687f;Vidange circuit de freinage
5d66a11808b3d612bd086880;Vidange boite mécanique
5d66a11808b3d612bd086881;Vidange boite automatique
5d66a11808b3d612bd086882;Remplacement kit d'embrayage
5d66a11808b3d612bd086883;Remplacement kit de distribution diesel
5d66a11808b3d612bd086884;Remplacement radiateur de chauffage
5d66a11808b3d612bd086885;Circuit de refroidissement
5d66a11808b3d612bd086886;Diagnostic de panne
5d66a11808b3d612bd086887;Réparation de carrosserie
5d66a11808b3d612bd086888;Révision de voiture
5d66a11808b3d612bd086889;Pose film teinté
5d66a11808b3d612bd08688a;Nettoyage des jantes
5d66a11808b3d612bd08688b;Nettoyage vitres extérieures
5d66a11808b3d612bd08688c;Dépoussiérage des plastiques intérieurs
5d66a11808b3d612bd08688d;Nettoyage vitres intérieures
5d66a11808b3d612bd08688e;Aspiration intérieure et coffre
5d66a11808b3d612bd08688f;Passage de portes
5d66a11808b3d612bd086890;Shampoing sièges et banquette
5d66a11808b3d612bd086891;Réparation de jante
5d66a11808b3d612bd086892;Redressage de carrosserie
5d66a11808b3d612bd086893;Réparation de carrosserie
5d66a11808b3d612bd086894;Shampoing moquette
5d66a11808b3d612bd086895;Restauration automobile
5d66a11808b3d612bd086896;Débosselage de la carrosserie
5d66a11808b3d612bd086897;Dépannage avec dépanneuse
5d66a11808b3d612bd086898;Dépannage de batterie
5d66a11808b3d612bd086899;Traitement des rayures de carrosserie
5d66a11808b3d612bd08689a;Peinture automobile
5d66a11808b3d612bd08689b;Préparation au contrôle technique
5d66a11808b3d612bd08689c;Épilation jambes
5d66a11808b3d612bd08689d;Nettoyage extérieur
5d66a11808b3d612bd08689e;Reprogrammation compteurs digitaux
5d66a11808b3d612bd08689f;Épilation cuisses
5d66a11808b3d612bd0868a0;Épilation maillot brésilien
5d66a11808b3d612bd0868a1;Épilation jambes entières
5d66a11808b3d612bd0868a2;Épilation maillot simple
5d66a11808b3d612bd0868a3;Nettoyage intérieur
5d66a11808b3d612bd0868a4;Épilation maillot semi-intégral
5d66a11808b3d612bd0868a5;Épilation aisselles
5d66a11808b3d612bd0868a6;Épilation bras
5d66a11808b3d612bd0868a7;Épilation maillot intégral
5d66a11808b3d612bd0868a8;Épilation sillon inter-fessier
5d66a11808b3d612bd0868a9;Épilation bras complets
5d66a11808b3d612bd0868aa;Épilation lèvres
5d66a11808b3d612bd0868ab;Épilation sourcils
5d66a11808b3d612bd0868ac;Épilation moustache
5d66a11808b3d612bd0868ad;Épilation menton
5d66a11808b3d612bd0868ae;Épilation bras
5d66a11808b3d612bd0868af;Épilation dos
5d66a11808b3d612bd0868b0;Épilation épaules
5d66a11808b3d612bd0868b1;Épilation jambes
5d66a11808b3d612bd0868b2;Installation serre
5d66a11808b3d612bd0868b3;Installation tonnelle
5d66a11808b3d612bd0868b4;Installation barbecue
5d66a11808b3d612bd0868b5;Installation balançoire / portique
5d66a11808b3d612bd0868b6;Installation abri de jardin
5d66a11808b3d612bd0868b7;Installation pergola
5d66a11808b3d612bd0868b8;Installation fontaine à eau
5d66a11808b3d612bd0868b9;Installation mare
5d66a11808b3d612bd0868ba;Installation salon de jardin
5d66a11808b3d612bd0868bb;Installation de store banne
5d66a11808b3d612bd0868bc;Installation d'une boite aux lettres
5d66a11808b3d612bd0868bd;Réparation serre
5d66a11808b3d612bd0868be;Réparation tonnelle
5d66a11808b3d612bd0868bf;Épilation sourcils
5d66a11808b3d612bd0868c0;Réparation balançoire
5d66a11808b3d612bd0868c1;Réparation barbecue
5d66a11808b3d612bd0868c2;Réparation fontaine à eau
5d66a11808b3d612bd0868c3;Réparation abri de jardin
5d66a11808b3d612bd0868c4;Réparation pergola
5d66a11808b3d612bd0868c5;Épilation aisselles
5d66a11808b3d612bd0868c6;"Épilations visage (nez, oreilles)"
5d66a11808b3d612bd0868c7;Réparation mare
5d66a11808b3d612bd0868c8;Épilation torse & ventre
5d66a11808b3d612bd0868c9;Réparation salon de jardin
5d66a11808b3d612bd0868ca;Réparation de stores bannes
5d66a11808b3d612bd0868cb;Réparation de chauffage extérieur
5d66a11808b3d612bd0868cc;Organisation et tir de feu d'artifice
5d66a11808b3d612bd0868cd;Babysitting
5d66a11808b3d612bd0868ce;Nurse de nuit
5d66a11808b3d612bd0868cf;Nurse de nuit
5d66a11808b3d612bd0868d0;Nourrice extrascolaire
5d66a11808b3d612bd0868d1;Babysitting
5d66a11808b3d612bd0868d2;Nourrice extrascolaire
5d66a11808b3d612bd0868d3;Garde de reptile
5d66a11808b3d612bd0868d4;Garde de chien
5d66a11808b3d612bd0868d5;Garde de chat
5d66a11808b3d612bd0868d6;Pension chien
5d66a11808b3d612bd0868d7;Pension cheval
5d66a11808b3d612bd0868d8;Pension chat
5d66a11808b3d612bd0868d9;Pension rongeur
5d66a11808b3d612bd0868da;Pension reptile
5d66a11808b3d612bd0868db;Home staging salon
5d66a11808b3d612bd0868dc;Home staging chambre
5d66a11808b3d612bd0868dd;Home staging cuisine
5d66a11808b3d612bd0868de;Home staging garage
5d66a11808b3d612bd0868df;Home staging grenier
5d66a11808b3d612bd0868e0;Home staging salle de bain
5d66a11808b3d612bd0868e1;Home staging entrée et couloir
5d66a11808b3d612bd0868e2;Problème de connexion internet
5d66a11808b3d612bd0868e3;Installation d'une box internet
5d66a11808b3d612bd0868e4;Interprète allemand
5d66a11808b3d612bd0868e5;Interprète anglais
5d66a11808b3d612bd0868e6;Home staging cave
5d66a11808b3d612bd0868e7;Interprète arabe
5d66a11808b3d612bd0868e8;Interprète russe
5d66a11808b3d612bd0868e9;Interprète néerlandais
5d66a11808b3d612bd0868ea;Interprète japonais
5d66a11808b3d612bd0868eb;Interprète chinois
5d66a11808b3d612bd0868ec;Interprète portugais
5d66a11808b3d612bd0868ed;Interprète italien
5d66a11808b3d612bd0868ee;Interprète espagnol
5d66a11808b3d612bd0868ef;Interprète français
5d66a11808b3d612bd0868f0;Enlèvement de déchets verts
5d66a11808b3d612bd0868f1;Débroussaillage
5d66a11808b3d612bd0868f2;"Taille de haie inférieure à 1,5 mètre"
5d66a11808b3d612bd0868f3;Entretien jardin
5d66a11808b3d612bd0868f4;"Taille de haie supérieure à 1,5 mètre"
5d66a11808b3d612bd0868f5;Tonte de pelouse
5d66a11808b3d612bd0868f6;Interprète mandarin
5d66a11808b3d612bd0868f7;Taille de haie inférieure à 1 mètre
5d66a11808b3d612bd0868f8;Interprète serbe
5d66a11808b3d612bd0868f9;Coupe d'arbre
5d66a11808b3d612bd0868fa;Ramassage de feuilles
5d66a11808b3d612bd0868fb;Abattage d'arbre
5d66a11808b3d612bd0868fc;Plantation de plantes
5d66a11808b3d612bd0868fd;Engazonnement de jardin
5d66a11808b3d612bd0868fe;Arrachage d'arbre
5d66a11808b3d612bd0868ff;Scarification de pelouse
5d66a11808b3d612bd086900;Arrosage de plantes extérieures
5d66a11808b3d612bd086901;Interprète langage des signes
5d66a11808b3d612bd086902;Désherbage
5d66a11808b3d612bd086903;Récolte fruits et légumes
5d66a11808b3d612bd086904;Plantation d'arbres
5d66a11808b3d612bd086905;Pose d'un gazon artificiel
5d66a11808b3d612bd086906;Repassage
5d66a11808b3d612bd086907;Entretien potager
5d66a11808b3d612bd086908;Création potager
5d66a11808b3d612bd086909;Lavage classique
5d66a11808b3d612bd08690a;Paysagiste
5d66a11808b3d612bd08690b;Labourage
5d66a11808b3d612bd08690c;Lavage à sec
5d66a11808b3d612bd08690d;Arrosage de plantes intérieures
5d66a11808b3d612bd08690e;Lavage à froid
5d66a11808b3d612bd08690f;Lavage robe de mariée
5d66a11808b3d612bd086910;Lavage costume
5d66a11808b3d612bd086911;Lavage couette
5d66a11808b3d612bd086912;Lavage parure de lit
5d66a11808b3d612bd086913;Lavage rideaux
5d66a11808b3d612bd086914;Lavage serviette et peignoir
5d66a11808b3d612bd086915;Démolition mur
5d66a11808b3d612bd086916;Bêchage
5d66a11808b3d612bd086917;Construction d'un coffrage
5d66a11808b3d612bd086918;Construction escalier
5d66a11808b3d612bd086919;Coulage de dalle
5d66a11808b3d612bd08691a;Maquillage soirée ou évènement
5d66a11808b3d612bd08691b;Teinture des cils
5d66a11808b3d612bd08691c;Teinture des sourcils
5d66a11808b3d612bd08691d;Extension de cils
5d66a11808b3d612bd08691e;Permanente des cils
5d66a11808b3d612bd08691f;Maquillage mariée
5d66a11808b3d612bd086920;Réhaussement des cils
5d66a11808b3d612bd086921;Entretien et nettoyage du cuir
5d66a11808b3d612bd086922;Réparation accroc
5d66a11808b3d612bd086923;Mariée avec essai
5d66a11808b3d612bd086924;Réparation anse
5d66a11808b3d612bd086925;Réparation doublure
5d66a11808b3d612bd086926;Changement doublure
5d66a11808b3d612bd086927;Changement anse
5d66a11808b3d612bd086928;Réparation des roues
5d66a11808b3d612bd086929;Réparation poignée télescopique
5d66a11808b3d612bd08692a;Démolition mur porteur
5d66a11808b3d612bd08692b;Ragréage
5d66a11808b3d612bd08692c;Réparation poignée
5d66a11808b3d612bd08692d;Démolition de cloisons
5d66a11808b3d612bd08692e;Construction mur
5d66a11808b3d612bd08692f;Coulage de chape
5d66a11808b3d612bd086930;Changement des roues
5d66a11808b3d612bd086931;Changement de la poignée télescopique
5d66a11808b3d612bd086932;Changement poignée
5d66a11808b3d612bd086933;Massage du dos
5d66a11808b3d612bd086934;Massage découverte
5d66a11808b3d612bd086935;Réflexologie plantaire
5d66a11808b3d612bd086936;Massage relaxant
5d66a11808b3d612bd086937;Massage crânien
5d66a11808b3d612bd086938;Réflexologie crânienne
5d66a11808b3d612bd086939;Réparation de radio transistor
5d66a11808b3d612bd08693a;Réparation de juke-box
5d66a11808b3d612bd08693b;Réparation de platine vinyle
5d66a11808b3d612bd08693c;Réparation Hi-Fi
5d66a11808b3d612bd08693d;Réparation de consoles de jeux vidéos
5d66a11808b3d612bd08693e;Aromathérapie
5d66a11808b3d612bd08693f;Hypnothérapie
5d66a11808b3d612bd086940;Tai-chi-chuan
5d66a11808b3d612bd086941;Magnétisme
5d66a11808b3d612bd086942;Acupuncture
5d66a11808b3d612bd086943;Reiki
5d66a11808b3d612bd086944;Lavage de vitre
5d66a11808b3d612bd086945;Ménage
5d66a11808b3d612bd086946;Lavage de canapé
5d66a11808b3d612bd086947;Lavage de tapis
5d66a11808b3d612bd086948;Lavage de moquette
5d66a11808b3d612bd086949;Rangement
5d66a11808b3d612bd08694a;Pose fenêtre
5d66a11808b3d612bd08694b;Nettoyage des murs
5d66a11808b3d612bd08694c;Pose baie vitrée
5d66a11808b3d612bd08694d;Pose de poignée de porte
5d66a11808b3d612bd08694e;Pose porte
5d66a11808b3d612bd08694f;Pose blindage
5d66a11808b3d612bd086950;Pose volet roulant
5d66a11808b3d612bd086951;Pose volet électrique
5d66a11808b3d612bd086952;Pose de volet
5d66a11808b3d612bd086953;Shiatsu
5d66a11808b3d612bd086954;Pose de store
5d66a11808b3d612bd086955;Pose velux
5d66a11808b3d612bd086956;Pose de judas
5d66a11808b3d612bd086957;Montage véranda
5d66a11808b3d612bd086958;Pose d'escalier
5d66a11808b3d612bd086959;Montage verrière
5d66a11808b3d612bd08695a;Montage dressing
5d66a11808b3d612bd08695b;Pose rampe d'escalier
5d66a11808b3d612bd08695c;Méditation
5d66a11808b3d612bd08695d;Pose d' étagère
5d66a11808b3d612bd08695e;Feng shui
5d66a11808b3d612bd08695f;Sophrologie
5d66a11808b3d612bd086960;Naturopathie
5d66a11808b3d612bd086962;Réflexologie
5d66a11808b3d612bd086963;Dépose store
5d66a11808b3d612bd086964;Dépose judas
5d66a11808b3d612bd086965;Dépose velux
5d66a11808b3d612bd086966;Dépose véranda
5d66a11808b3d612bd086967;Dépose verrière
5d66a11808b3d612bd086968;Dépose d'escalier
5d66a11808b3d612bd086969;Dépose rampe d'escalier
5d66a11808b3d612bd08696a;Dépose dressing
5d66a11808b3d612bd08696b;Dépose d'étagère
5d66a11808b3d612bd08696c;Pose de cuisine
5d66a11808b3d612bd08696d;Dépose blindage
5d66a11808b3d612bd08696e;Dépose de volet électrique
5d66a11808b3d612bd08696f;Dépose baie vitrée
5d66a11808b3d612bd086970;Rabotage porte
5d66a11808b3d612bd086971;Dépose volet roulant
5d66a11808b3d612bd086972;Dépose fenêtre
5d66a11808b3d612bd086973;Dépose porte
5d66a11808b3d612bd086974;Rabotage fenêtre
5d66a11808b3d612bd086975;Construction placard
5d66a11808b3d612bd086976;Construction étagère
5d66a11808b3d612bd086977;Réparation poignée de porte
5d66a11808b3d612bd086978;Dépose de volet
5d66a11808b3d612bd086979;Construction table
5d66a11808b3d612bd08697a;Pose de plan de travail
5d66a11808b3d612bd08697b;Construction chaise
5d66a11808b3d612bd08697c;Construction fauteuil de jardin
5d66a11808b3d612bd08697d;Décapage de fenêtre
5d66a11808b3d612bd08697e;Décapage de porte
5d66a11808b3d612bd08697f;Construction bar extérieur
5d66a11808b3d612bd086980;Construction meuble en palettes
5d66a11808b3d612bd086981;Décapage de meuble
5d66a11808b3d612bd086982;Pose miroir
5d66a11808b3d612bd086983;Décapage bois de façade
5d66a11808b3d612bd086984;Montage dressing
5d66a11808b3d612bd086985;Réparation bureau
5d66a11808b3d612bd086986;Dépose miroir
5d66a11808b3d612bd086987;Réparation commode
5d66a11808b3d612bd086988;Réparation vaisselier ou buffet
5d66a11808b3d612bd086989;Réparation armoire et penderie
5d66a11808b3d612bd08698a;Montage de meuble
5d66a11808b3d612bd08698b;Réparation table
5d66a11808b3d612bd08698c;Réparation chevet et petit meuble
5d66a11808b3d612bd08698d;Restauration chevet et petit meuble
5d66a11808b3d612bd08698e;Réparation chaise et fauteuil
5d66a11808b3d612bd08698f;Restauration meuble et commode
5d66a11808b3d612bd086990;Restauration bureau
5d66a11808b3d612bd086991;Restauration table
5d66a11808b3d612bd086992;"Restauration vaisselier, buffet"
5d66a11808b3d612bd086993;Démontage de meuble
5d66a11808b3d612bd086994;Restauration chaises
5d66a11808b3d612bd086995;Soliste saxophoniste
5d66a11808b3d612bd086996;Groupe de Jazz
5d66a11808b3d612bd086997;Groupe musique orientale
5d66a11808b3d612bd086998;Tapisserie canapé
5d66a11808b3d612bd086999;Soliste pianiste
5d66a11808b3d612bd08699a;Groupe musique classique
5d66a11808b3d612bd08699b;Rempaillage chaise
5d66a11808b3d612bd08699c;Soliste guitariste
5d66a11808b3d612bd08699d;Groupe musique pop rock
5d66a11808b3d612bd08699e;Groupe de rap
5d66a11808b3d612bd08699f;Groupe de métal
5d66a11808b3d612bd0869a0;Entretien salon de jardin
5d66a11808b3d612bd0869a1;Entretien fontaine à eau
5d66a11808b3d612bd0869a2;Entretien mare
5d66a11808b3d612bd0869a3;Tapisserie chaise
5d66a11808b3d612bd0869a4;Nettoyage toiture
5d66a11808b3d612bd0869a5;Prise en main ordinateur
5d66a11808b3d612bd0869a6;Tapisserie fauteuil
5d66a11808b3d612bd0869a7;Nettoyage façade
5d66a11808b3d612bd0869a8;Installation boitier CPL
5d66a11808b3d612bd0869a9;Installation imprimante
5d66a11808b3d612bd0869aa;Soliste violoniste
5d66a11808b3d612bd0869ab;Installation d'un ordinateur
5d66a11808b3d612bd0869ac;Aide à la pratique de l'informatique
5d66a11808b3d612bd0869ad;Réparation disque dur
5d66a11808b3d612bd0869ae;Réinstallation d'un ordinateur
5d66a11808b3d612bd0869af;Nettoyage ordinateur (virus etc.)
5d66a11808b3d612bd0869b0;Déblaiement neige
5d66a11808b3d612bd0869b1;Organisation bar-mitzvah
5d66a11808b3d612bd0869b2;Organisation soirée privée
5d66a11808b3d612bd0869b3;Installation antivirus
5d66a11808b3d612bd0869b4;Organisation anniversaire enfant
5d66a11808b3d612bd0869b5;Organisation anniversaire adulte
5d66a11808b3d612bd0869b6;Réparation ventilateur
5d66a11808b3d612bd0869b7;"Mise en Wifi ordinateur, téléphone et imprimante"
5d66a11808b3d612bd0869b8;Organisation enterrement de vie de jeune fille
5d66a11808b3d612bd0869b9;Organisation baptême
5d66a11808b3d612bd0869ba;Utilisation Chromecast et installation
5d66a11808b3d612bd0869bb;Peinture plafond
5d66a11808b3d612bd0869bc;Organisation enterrement de vie de garçon
5d66a11808b3d612bd0869bd;Peinture mur
5d66a11808b3d612bd0869be;Peinture sol
5d66a11808b3d612bd0869bf;Préparation mur
5d66a11808b3d612bd0869c0;Lessivage mur
5d66a11808b3d612bd0869c1;Peinture sol
5d66a11808b3d612bd0869c2;Peinture mur
5d66a11808b3d612bd0869c3;Peinture faïence / crédence
5d66a11808b3d612bd0869c4;Peinture escalier
5d66a11808b3d612bd0869c5;Peinture plan de travail
5d66a11808b3d612bd0869c6;Peinture toiture
5d66a11808b3d612bd0869c7;Peinture boiserie
5d66a11808b3d612bd0869c8;Peinture volet
5d66a11808b3d612bd0869c9;Peinture terrasse
5d66a11808b3d612bd0869ca;Peinture palissade
5d66a11808b3d612bd0869cb;Peinture façade
5d66a11808b3d612bd0869cc;Impression numérique vêtement
5d66a11808b3d612bd0869cd;Impression numérique chaussure
5d66a11808b3d612bd0869ce;Flocage vêtement
5d66a11808b3d612bd0869cf;Préparation mur
5d66a11808b3d612bd0869d0;Flocage chaussure
5d66a11808b3d612bd0869d1;Sérigraphie vêtement
5d66a11808b3d612bd0869d2;Sérigraphie chaussure
5d66a11808b3d612bd0869d3;Broderie vêtement
5d66a11808b3d612bd0869d4;"Fixation de tableau, cadre et miroir"
5d66a11808b3d612bd0869d5;Personnalisation de chaussures
5d66a11808b3d612bd0869d6;Pose de tringle à rideaux
5d66a11808b3d612bd0869d7;Peinture boiserie
5d66a11808b3d612bd0869d8;Peinture escalier
5d66a11808b3d612bd0869d9;Fixation d'étagère
5d66a11808b3d612bd0869da;Changement d'ampoule
5d66a11808b3d612bd0869db;Perçage de trou
5d66a11808b3d612bd0869dc;Encadrement de tableau
5d66a11808b3d612bd0869dd;Rebouchage de trou
5d66a11808b3d612bd0869de;Shooting cérémonie et soirée
5d66a11808b3d612bd0869df;Shooting préparatifs et cérémonie
5d66a11808b3d612bd0869e0;"Shooting préparatifs, cérémonie et soirée"
5d66a11808b3d612bd0869e1;Book photos en shooting couple
5d66a11808b3d612bd0869e2;Book photos en shooting solo
5d66a11808b3d612bd0869e3;Shooting grossesse
5d66a11808b3d612bd0869e4;Shooting naissance
5d66a11808b3d612bd0869e5;Installation piscine hors sol
5d66a11808b3d612bd0869e6;Installation spa
5d66a11808b3d612bd0869e7;"Pack shooting grossesse, naissance et 6 mois"
5d66a11808b3d612bd0869e8;Réparation piscine
5d66a11808b3d612bd0869e9;Book photos en shooting famille
5d66a11808b3d612bd0869ea;Réparation liner
5d66a11808b3d612bd0869eb;Réparation robot piscine
5d66a11808b3d612bd0869ec;Réparation skimmer
5d66a11808b3d612bd0869ed;Réparation système pompe piscine
5d66a11808b3d612bd0869ee;Réparation spa
5d66a11808b3d612bd0869ef;Entretien spa
5d66a11808b3d612bd0869f0;Entretien piscine
5d66a11808b3d612bd0869f1;Nettoyage piscine
5d66a11808b3d612bd0869f2;Shooting autres portraits
5d66a11808b3d612bd0869f3;Autres reportages
5d66a11808b3d612bd0869f4;Shooting d'entreprise
5d66a11808b3d612bd0869f5;Monteur photos
5d66a11808b3d612bd0869f6;Retouche photos
5d66a11808b3d612bd0869f7;Nettoyage spa
5d66a11808b3d612bd0869f8;Nettoyage liner
5d66a11808b3d612bd0869f9;Pose de placoplâtre
5d66a11808b3d612bd0869fa;Pose d'isolant de cloisons
5d66a11808b3d612bd0869fb;Ponçage de plâtre
5d66a11808b3d612bd0869fc;Pose isolant thermique
5d66a11808b3d612bd0869fd;Dépose d'isolant de cloisons
5d66a11808b3d612bd0869fe;Pose isolant combles
5d66a11808b3d612bd0869ff;Pose de bandes
5d66a11808b3d612bd086a00;Dépose de placoplâtre
5d66a11808b3d612bd086a01;Application d'un enduit de lissage
5d66a11808b3d612bd086a02;Pose d'un isolant phonique
5d66a11808b3d612bd086a03;Dépose d'isolant thermique
5d66a11808b3d612bd086a04;Dépose d'isolant combles
5d66a11808b3d612bd086a05;Dépose d'isolant phonique
5d66a11808b3d612bd086a06;Installation baignoire
5d66a11808b3d612bd086a07;Installation douche
5d66a11808b3d612bd086a08;Installation évier
5d66a11808b3d612bd086a09;Installation cabine de douche
5d66a11808b3d612bd086a0a;Installation toilette
5d66a11808b3d612bd086a0b;Installation robinetterie
5d66a11808b3d612bd086a0c;Réparation douche
5d66a11808b3d612bd086a0d;Réparation cabine de douche
5d66a11808b3d612bd086a0e;Raccordement
5d66a11808b3d612bd086a0f;Réparation évier
5d66a11808b3d612bd086a10;Réparation chasse d'eau
5d66a11808b3d612bd086a11;Réparation robinetterie
5d66a11808b3d612bd086a12;Réparation baignoire
5d66a11808b3d612bd086a13;Réparation mitigeur
5d66a11808b3d612bd086a14;Réparation climatiseur
5d66a11808b3d612bd086a15;Réparation adoucisseur
5d66a11808b3d612bd086a16;Purge radiateur
5d66a11808b3d612bd086a17;Installation mitigeur
5d66a11808b3d612bd086a18;Détection de fuite
5d66a11808b3d612bd086a19;Installation climatiseur
5d66a11808b3d612bd086a1a;Débouchage canalisation
5d66a11808b3d612bd086a1b;Installation adoucisseur
5d66a11808b3d612bd086a1c;Pose joint silicone
5d66a11808b3d612bd086a1d;Ramonage conduit gaz
5d66a11808b3d612bd086a1e;Promenade âne
5d66a11808b3d612bd086a1f;Ramonage conduit fuel
5d66a11808b3d612bd086a20;Ramonage cheminée
5d66a11808b3d612bd086a21;Relecture allemand
5d66a11808b3d612bd086a22;Ramonage conduit charbon
5d66a11808b3d612bd086a23;Ramonage poêle
5d66a11808b3d612bd086a24;Relecture anglais
5d66a11808b3d612bd086a25;Relecture arabe
5d66a11808b3d612bd086a26;Relecture japonais
5d66a11808b3d612bd086a27;Promenade cheval
5d66a11808b3d612bd086a28;Relecture chinois
5d66a11808b3d612bd086a29;Relecture néerlandais
5d66a11808b3d612bd086a2a;Promenade chien
5d66a11808b3d612bd086a2b;Relecture portugais
5d66a11808b3d612bd086a2c;Relecture russe
5d66a11808b3d612bd086a2d;Promenade poney
5d66a11808b3d612bd086a2e;Relecture espagnol
5d66a11808b3d612bd086a2f;Relecture italien
5d66a11808b3d612bd086a30;Relecture serbe
5d66a11808b3d612bd086a31;Personal shopper
5d66a11808b3d612bd086a32;Styliste
5d66a11808b3d612bd086a33;Changement de bracelet
5d66a11808b3d612bd086a34;Mise à taille
5d66a11808b3d612bd086a35;Changement verre
5d66a11808b3d612bd086a36;Restauration de pierre
5d66a11808b3d612bd086a37;Montage de pierre bague
5d66a11808b3d612bd086a38;Nettoyage
5d66a11808b3d612bd086a39;Réparation de griffe
5d66a11808b3d612bd086a3a;Réparation chaîne
5d66a11808b3d612bd086a3b;Montage de pierre collier & bracelet
5d66a11808b3d612bd086a3c;Réparation mécanisme
5d66a11808b3d612bd086a3d;Restauration de pierre
5d66a11808b3d612bd086a3e;Changement pile
5d66a11808b3d612bd086a3f;Relecture mandarin
5d66a11808b3d612bd086a40;Relooking total
5d66a11808b3d612bd086a41;Réparation de griffe
5d66a11808b3d612bd086a42;Réparation perceuse-visseuse
5d66a11808b3d612bd086a43;Réparation pendentif
5d66a11808b3d612bd086a44;Réparation rabot électrique
5d66a11808b3d612bd086a45;Réparation défonceuse électrique
5d66a11808b3d612bd086a46;Réparation meuleuse
5d66a11808b3d612bd086a47;Réparation poste à souder
5d66a11808b3d612bd086a48;Relecture français
5d66a11808b3d612bd086a49;Réparation ponceuse
5d66a11808b3d612bd086a4a;Réparation décapeur
5d66a11808b3d612bd086a4b;Réparation burineur
5d66a11808b3d612bd086a4c;Réparation carotteuse
5d66a11808b3d612bd086a4d;Réparation aspirateur
5d66a11808b3d612bd086a4e;Réparation compresseur électrique
5d66a11808b3d612bd086a4f;Réparation motoculteur / motobineuse
5d66a11808b3d612bd086a50;Réparation tracteur tondeuse
5d66a11808b3d612bd086a51;Réparation tondeuse
5d66a11808b3d612bd086a52;Réparation nettoyeur haute pression
5d66a11808b3d612bd086a53;Réparation débroussailleuse
5d66a11808b3d612bd086a54;Remplacement écran LCD iPhone 5
5d66a11808b3d612bd086a55;Réparation scarificateur électrique
5d66a11808b3d612bd086a56;Réparation rotofil
5d66a11808b3d612bd086a57;Réparation désherbeur électrique
5d66a11808b3d612bd086a58;Réparation taille haie électrique
5d66a11808b3d612bd086a59;Réparation bétonnière
5d66a11808b3d612bd086a5a;Remplacement écran LCD iPhone 5C
5d66a11808b3d612bd086a5b;Remplacement écran LCD iPhone 5S
5d66a11808b3d612bd086a5c;Réparation treuil électrique
5d66a11808b3d612bd086a5d;Remplacement écran LCD iPhone 6
5d66a11808b3d612bd086a5e;Remplacement écran LCD iPhone 6S
5d66a11808b3d612bd086a5f;Remplacement écran LCD iPhone SE
5d66a11808b3d612bd086a60;Remplacement écran LCD iPhone 6C
5d66a11808b3d612bd086a61;Réparation tronçonneuse
5d66a11808b3d612bd086a62;Remplacement écran LCD iPhone 6S plus
5d66a11808b3d612bd086a63;Remplacement écran LCD iPhone 7
5d66a11808b3d612bd086a64;Remplacement écran LCD iPhone 8
5d66a11808b3d612bd086a65;Remplacement écran LCD iPhone X
5d66a11808b3d612bd086a66;Remplacement écran LCD iPhone 8 plus
5d66a11808b3d612bd086a67;Remplacement batterie iPhone 5C
5d66a11808b3d612bd086a68;Remplacement batterie iPhone SE
5d66a11808b3d612bd086a69;Remplacement batterie iPhone 5S
5d66a11808b3d612bd086a6a;Remplacement batterie iPhone 6S
5d66a11808b3d612bd086a6b;Remplacement batterie iPhone 6S plus
5d66a11808b3d612bd086a6c;Remplacement écran LCD iPhone 7 plus
5d66a11808b3d612bd086a6d;Remplacement batterie iPhone 6
5d66a11808b3d612bd086a6e;Remplacement écran LCD iPhone XS
5d66a11808b3d612bd086a6f;Remplacement batterie iPhone 7
5d66a11808b3d612bd086a70;Remplacement écran LCD iPhone XS Max
5d66a11808b3d612bd086a71;Remplacement batterie iPhone 6C
5d66a11808b3d612bd086a72;Remplacement batterie iPhone 7 plus
5d66a11808b3d612bd086a73;Remplacement écran LCD iPhone XR
5d66a11808b3d612bd086a74;Remplacement batterie iPhone 5
5d66a11808b3d612bd086a75;Remplacement batterie iPhone 8
5d66a11808b3d612bd086a76;Remplacement batterie iPhone 8 plus
5d66a11808b3d612bd086a77;Remplacement batterie iPhone X
5d66a11808b3d612bd086a78;Remplacement écran LCD Huawei Honor 9
5d66a11808b3d612bd086a79;Remplacement écran LCD Huawei Honor 7
5d66a11808b3d612bd086a7a;Remplacement écran LCD Huawei Honor 8
5d66a11808b3d612bd086a7b;Remplacement écran LCD Huawei Mate 10
5d66a11808b3d612bd086a7c;Remplacement batterie iPhone XS
5d66a11808b3d612bd086a7d;Remplacement écran LCD Huawei Mate 8
5d66a11808b3d612bd086a7e;Remplacement écran LCD Huawei Mate 7
5d66a11808b3d612bd086a7f;Remplacement écran LCD Huawei Mate 9
5d66a11808b3d612bd086a80;Remplacement écran LCD Huawei Nova
5d66a11808b3d612bd086a81;Remplacement écran LCD Huawei P10
5d66a11808b3d612bd086a82;Remplacement batterie iPhone XS Max
5d66a11808b3d612bd086a83;Remplacement écran LCD Huawei P10 Lite
5d66a11808b3d612bd086a84;Remplacement écran LCD Huawei P20
5d66a11808b3d612bd086a85;Remplacement écran LCD Huawei P20 Lite
5d66a11808b3d612bd086a86;Remplacement écran LCD Huawei P20 Pro
5d66a11808b3d612bd086a87;Remplacement batterie iPhone XR
5d66a11808b3d612bd086a88;Remplacement écran LCD Huawei P8
5d66a11808b3d612bd086a89;Remplacement écran LCD Huawei P8 Lite
5d66a11808b3d612bd086a8a;Remplacement écran LCD Huawei P9
5d66a11808b3d612bd086a8b;Remplacement écran LCD Huawei Honor 6C
5d66a11808b3d612bd086a8c;Remplacement écran LCD Huawei Y6 2018
5d66a11808b3d612bd086a8d;Remplacement écran LCD Huawei P9 Lite
5d66a11808b3d612bd086a8e;Remplacement écran LCD Huawei Honor 10
5d66a11808b3d612bd086a8f;Remplacement écran LCD Huawei Honor 8 Pro
5d66a11808b3d612bd086a90;Remplacement écran LCD Huawei Honor 7X
5d66a11808b3d612bd086a91;Remplacement écran LCD Huawei Honor 6X
5d66a11808b3d612bd086a92;Remplacement écran LCD Huawei Mate 20 Lite
5d66a11808b3d612bd086a93;Remplacement écran LCD Huawei Honor 9 Lite
5d66a11808b3d612bd086a94;Remplacement écran LCD Huawei Mate Lite 10
5d66a11808b3d612bd086a95;Remplacement écran LCD Huawei Honor View 10
5d66a11808b3d612bd086a96;Remplacement écran LCD Huawei Mate 10 Pro
5d66a11808b3d612bd086a97;Remplacement écran LCD Huawei P Smart Plus
5d66a11808b3d612bd086a98;Remplacement écran LCD Huawei Mate 20 Pro
5d66a11808b3d612bd086a99;Remplacement écran LCD Huawei P8 Lite 2017
5d66a11808b3d612bd086a9a;Remplacement écran LCD Huawei P Smart
5d66a11808b3d612bd086a9b;Remplacement écran LCD Huawei Honor 5C
5d66a11808b3d612bd086a9c;Remplacement écran LCD Huawei Honor 7A
5d66a11808b3d612bd086a9d;Remplacement écran LCD Huawei Honor Play
5d66a11808b3d612bd086a9e;Remplacement écran LCD Huawei Honor 8 X
5d66a11808b3d612bd086a9f;Remplacement écran LCD Huawei P10 Plus
5d66a11808b3d612bd086aa0;Remplacement écran LCD Huawei G8
5d66a11808b3d612bd086aa1;Remplacement écran LCD Huawei Mate 20
5d66a11808b3d612bd086aa2;Remplacement écran LCD Huawei P Smart 2019
5d66a11808b3d612bd086aa3;Remplacement écran LCD Huawei Honor 5X
5d66a11808b3d612bd086aa4;Remplacement écran LCD Huawei Y6 Pro 2017
5d66a11808b3d612bd086aa5;Remplacement écran LCD Huawei Honor 6A
5d66a11808b3d612bd086aa6;Remplacement écran LCD Huawei Honor 7S
5d66a11808b3d612bd086aa7;Remplacement écran LCD Huawei Y7 2018
5d66a11808b3d612bd086aa8;Remplacement écran LCD Huawei P30 Pro
5d66a11808b3d612bd086aa9;Remplacement écran LCD Huawei Y6 2019
5d66a11808b3d612bd086aaa;Remplacement écran LCD Huawei Y6 2017
5d66a11808b3d612bd086aab;Remplacement écran LCD Huawei Y5 2018
5d66a11808b3d612bd086aac;Remplacement écran LCD Huawei P30
5d66a11808b3d612bd086aad;Remplacement écran LCD Huawei Mate 9 Pro
5d66a11808b3d612bd086aae;Remplacement écran LCD Huawei Honor 6C Pro
5d66a11808b3d612bd086aaf;Remplacement écran LCD Huawei Honor 8A
5d66a11808b3d612bd086ab0;Remplacement écran LCD Huawei Nova 2
5d66a11808b3d612bd086ab1;Remplacement écran LCD Huawei Ascend G620S
5d66a11808b3d612bd086ab2;Remplacement écran LCD Huawei P30 Lite
5d66a11808b3d612bd086ab3;Remplacement écran LCD Huawei Y5 2
5d66a11808b3d612bd086ab4;Remplacement écran LCD Huawei Nexus 6P
5d66a11808b3d612bd086ab5;Remplacement écran LCD Huawei Nova 3
5d66a11808b3d612bd086ab6;Remplacement batterie Huawei Honor 8
5d66a11808b3d612bd086ab7;Remplacement batterie Huawei Honor 9
5d66a11808b3d612bd086ab8;Remplacement batterie Huawei Honor 7
5d66a11808b3d612bd086ab9;Remplacement batterie Huawei Mate 10
5d66a11808b3d612bd086aba;Remplacement batterie Huawei Mate 7
5d66a11808b3d612bd086abb;Remplacement batterie Huawei Mate 9
5d66a11808b3d612bd086abc;Remplacement batterie Huawei Nova
5d66a11808b3d612bd086abd;Remplacement batterie Huawei Mate 8
5d66a11808b3d612bd086abe;Remplacement batterie Huawei P10
5d66a11808b3d612bd086abf;Remplacement écran LCD Huawei Y7 2019
5d66a11808b3d612bd086ac0;Remplacement écran LCD Huawei Honor 7C
5d66a11808b3d612bd086ac1;Remplacement écran LCD Huawei Honor View 20
5d66a11808b3d612bd086ac2;Remplacement batterie Huawei P10 Lite
5d66a11808b3d612bd086ac3;Remplacement batterie Huawei P8
5d66a11808b3d612bd086ac4;Remplacement batterie Huawei P20
5d66a11808b3d612bd086ac5;Remplacement batterie Huawei P20 Lite
5d66a11808b3d612bd086ac6;Remplacement batterie Huawei P20 Pro
5d66a11808b3d612bd086ac7;Remplacement écran LCD Huawei Honor 10 Lite
5d66a11808b3d612bd086ac8;Remplacement écran LCD Huawei Nova Smart
5d66a11808b3d612bd086ac9;Remplacement batterie Huawei P8 Lite
5d66a11808b3d612bd086aca;Remplacement batterie Huawei P9 Lite
5d66a11808b3d612bd086acb;Remplacement batterie Huawei P9
5d66a11808b3d612bd086acc;Remplacement batterie Huawei Y6 2018
5d66a11808b3d612bd086acd;Remplacement batterie Huawei P Smart
5d66a11808b3d612bd086ace;Remplacement batterie Huawei Honor 6C
5d66a11808b3d612bd086acf;Remplacement batterie Huawei Honor 10
5d66a11808b3d612bd086ad0;Remplacement batterie Huawei Mate Lite 10
5d66a11808b3d612bd086ad1;Remplacement batterie Huawei Honor 7X
5d66a11808b3d612bd086ad2;Remplacement batterie Huawei Mate 20 Lite
5d66a11808b3d612bd086ad3;Remplacement batterie Huawei Mate 10 Pro
5d66a11808b3d612bd086ad4;Remplacement batterie Huawei Mate 20 Pro
5d66a11808b3d612bd086ad5;Remplacement batterie Huawei P8 Lite 2017
5d66a11808b3d612bd086ad6;Remplacement batterie Huawei Honor 9 Lite
5d66a11808b3d612bd086ad7;Remplacement batterie Huawei P Smart Plus
5d66a11808b3d612bd086ad8;Remplacement batterie Huawei Honor View 10
5d66a11808b3d612bd086ad9;Remplacement batterie Huawei Y5 2018
5d66a11808b3d612bd086ada;Remplacement batterie Huawei Honor 8 Pro
5d66a11808b3d612bd086adb;Remplacement batterie Huawei Y6 Pro 2017
5d66a11808b3d612bd086adc;Remplacement batterie Huawei Y7 2018
5d66a11808b3d612bd086add;Remplacement batterie Huawei Honor 8 X
5d66a11808b3d612bd086ade;Remplacement batterie Huawei P10 Plus
5d66a11808b3d612bd086adf;Remplacement batterie Huawei Honor Play
5d66a11808b3d612bd086ae0;Remplacement batterie Huawei Honor 6X
5d66a11808b3d612bd086ae1;Remplacement batterie Huawei G8
5d66a11808b3d612bd086ae2;Remplacement batterie Huawei Honor 5C
5d66a11808b3d612bd086ae3;Remplacement batterie Huawei Honor 7A
5d66a11808b3d612bd086ae4;Remplacement batterie Huawei P Smart 2019
5d66a11808b3d612bd086ae5;Remplacement batterie Huawei Honor 5X
5d66a11808b3d612bd086ae6;Remplacement batterie Huawei Y6 2019
5d66a11808b3d612bd086ae7;Remplacement batterie Huawei P30
5d66a11808b3d612bd086ae8;Remplacement batterie Huawei Honor 10 Lite
5d66a11808b3d612bd086ae9;Remplacement batterie Huawei Honor 7C
5d66a11808b3d612bd086aea;Remplacement batterie Huawei Honor View 20
5d66a11808b3d612bd086aeb;Remplacement batterie Huawei Mate 9 Pro
5d66a11808b3d612bd086aec;Remplacement batterie Huawei Y7 2019
5d66a11808b3d612bd086aed;Remplacement batterie Huawei Honor 6C Pro
5d66a11808b3d612bd086aee;Remplacement batterie Huawei Honor 7S
5d66a11808b3d612bd086aef;Remplacement batterie Huawei Honor 8A
5d66a11808b3d612bd086af0;Remplacement batterie Huawei P30 Pro
5d66a11808b3d612bd086af1;Remplacement batterie Huawei Y6 2017
5d66a11808b3d612bd086af2;Remplacement batterie Huawei Nova Smart
5d66a11808b3d612bd086af3;Remplacement batterie Huawei Nova 2
5d66a11808b3d612bd086af4;Remplacement batterie Huawei P30 Lite
5d66a11808b3d612bd086af5;Remplacement batterie Huawei Y5 2
5d66a11808b3d612bd086af6;Remplacement batterie Huawei Ascend G620S
5d66a11808b3d612bd086af7;Remplacement batterie Huawei Nova 3
5d66a11808b3d612bd086af8;Remplacement écran LCD Galaxy Grand Neo
5d66a11808b3d612bd086af9;Remplacement batterie Huawei Nexus 6P
5d66a11808b3d612bd086afa;Remplacement écran LCD Galaxy A3
5d66a11808b3d612bd086afb;Remplacement écran LCD Galaxy A 2016
5d66a11808b3d612bd086afc;Remplacement écran LCD Galaxy A3 2017
5d66a11808b3d612bd086afd;Remplacement écran LCD Galaxy A5
5d66a11808b3d612bd086afe;Remplacement batterie Huawei Honor 6A
5d66a11808b3d612bd086aff;Remplacement écran LCD Galaxy A5 2016
5d66a11808b3d612bd086b00;Remplacement batterie Huawei Mate 20
5d66a11808b3d612bd086b01;Remplacement écran LCD Galaxy A8
5d66a11808b3d612bd086b02;Remplacement écran LCD Galaxy A5 2017
5d66a11808b3d612bd086b03;Remplacement écran LCD Galaxy ACE
5d66a11808b3d612bd086b04;Remplacement écran LCD Galaxy ACE 2
5d66a11808b3d612bd086b05;Remplacement écran LCD Galaxy ACE 3
5d66a11808b3d612bd086b06;Remplacement écran LCD Galaxy ACE 4
5d66a11808b3d612bd086b07;Remplacement écran LCD Galaxy ACE 4 Lite
5d66a11808b3d612bd086b08;Remplacement écran LCD Galaxy Core Prime
5d66a11808b3d612bd086b09;Remplacement écran LCD Galaxy Core 4G
5d66a11808b3d612bd086b0a;Remplacement écran LCD Galaxy Express 2
5d66a11808b3d612bd086b0b;Remplacement écran LCD Galaxy Grand
5d66a11808b3d612bd086b0c;Remplacement écran LCD Galaxy Prime 4G
5d66a11808b3d612bd086b0d;Remplacement écran LCD Galaxy Grand Plus
5d66a11808b3d612bd086b0e;Remplacement écran LCD Galaxy Grand 2
5d66a11808b3d612bd086b0f;Remplacement écran LCD Galaxy J5
5d66a11808b3d612bd086b10;Remplacement écran LCD Galaxy Grand Prime VE
5d66a11808b3d612bd086b11;Remplacement écran LCD Galaxy Grand Prime
5d66a11808b3d612bd086b12;Remplacement écran LCD Galaxy J3 2017
5d66a11808b3d612bd086b13;Remplacement écran LCD Galaxy J3 2016
5d66a11808b3d612bd086b14;Remplacement écran LCD Galaxy J5 2017
5d66a11808b3d612bd086b15;Remplacement écran LCD Galaxy Mega
5d66a11808b3d612bd086b16;Remplacement écran LCD Galaxy Note 4
5d66a11808b3d612bd086b17;Remplacement écran LCD Galaxy J7 2016
5d66a11808b3d612bd086b18;Remplacement écran LCD Galaxy J7 2017
5d66a11808b3d612bd086b19;Remplacement écran LCD Galaxy S2
5d66a11808b3d612bd086b1a;Remplacement écran LCD Galaxy Note 2
5d66a11808b3d612bd086b1b;Remplacement écran LCD Galaxy Note 3
5d66a11808b3d612bd086b1c;Remplacement écran LCD Galaxy S4 Active
5d66a11808b3d612bd086b1d;Remplacement écran LCD Galaxy S3 mini
5d66a11808b3d612bd086b1e;Remplacement écran LCD Galaxy S4
5d66a11808b3d612bd086b1f;Remplacement écran LCD Galaxy S3
5d66a11808b3d612bd086b20;Remplacement écran LCD Galaxy S5 mini
5d66a11808b3d612bd086b21;Remplacement écran LCD Galaxy S4 mini
5d66a11808b3d612bd086b22;Remplacement écran LCD Galaxy S5
5d66a11808b3d612bd086b23;Remplacement écran LCD Galaxy Note 1
5d66a11808b3d612bd086b24;Remplacement écran LCD Galaxy S5 Neo
5d66a11808b3d612bd086b25;Remplacement écran LCD Galaxy S6
5d66a11808b3d612bd086b26;Remplacement écran LCD Galaxy Note 3 Lite
5d66a11808b3d612bd086b27;Remplacement écran LCD Galaxy S6 Edge Plus
5d66a11808b3d612bd086b28;Remplacement écran LCD Galaxy S7
5d66a11808b3d612bd086b29;Remplacement écran LCD Galaxy S7 Edge
5d66a11808b3d612bd086b2a;Remplacement écran LCD Galaxy S6 Edge
5d66a11808b3d612bd086b2b;Remplacement écran LCD Galaxy S Duos
5d66a11808b3d612bd086b2c;Remplacement écran LCD Galaxy Trend
5d66a11808b3d612bd086b2d;Remplacement écran LCD Galaxy Trend Lite
5d66a11808b3d612bd086b2e;Remplacement écran LCD Galaxy A6
5d66a11808b3d612bd086b2f;Remplacement écran LCD Galaxy A7 2018
5d66a11808b3d612bd086b30;Remplacement écran LCD Galaxy Alpha
5d66a11808b3d612bd086b31;Remplacement écran LCD Galaxy S8 Plus
5d66a11808b3d612bd086b32;Remplacement écran LCD Galaxy J1 2016
5d66a11808b3d612bd086b33;Remplacement écran LCD Galaxy J6 Plus
5d66a11808b3d612bd086b34;Remplacement écran LCD Galaxy Note 5
5d66a11808b3d612bd086b35;Remplacement écran LCD Galaxy Xcover 3
5d66a11808b3d612bd086b36;Remplacement écran LCD Galaxy Xcover 4
5d66a11808b3d612bd086b37;Remplacement écran LCD Galaxy S9
5d66a11808b3d612bd086b38;Remplacement écran LCD Galaxy J2 Pro 2018
5d66a11808b3d612bd086b39;Remplacement écran LCD Galaxy J5 2016
5d66a11808b3d612bd086b3a;Remplacement écran LCD Galaxy S10
5d66a11808b3d612bd086b3b;Remplacement écran LCD Galaxy S10 E
5d66a11808b3d612bd086b3c;Remplacement écran LCD Galaxy S9 Plus
5d66a11808b3d612bd086b3d;Remplacement écran LCD Galaxy S10 Plus
5d66a11808b3d612bd086b3e;Remplacement écran LCD Galaxy S8
5d66a11808b3d612bd086b3f;Remplacement écran LCD Galaxy Note 9
5d66a11808b3d612bd086b40;Remplacement écran LCD Galaxy A50
5d66a11808b3d612bd086b41;Remplacement écran LCD Galaxy A40
5d66a11808b3d612bd086b42;Remplacement écran LCD Galaxy A7 2017
5d66a11808b3d612bd086b43;Remplacement écran LCD Galaxy Note 8
5d66a11808b3d612bd086b44;Remplacement écran LCD Galaxy Trend 2 Lite
5d66a11808b3d612bd086b45;Remplacement écran LCD Galaxy A6 Plus
5d66a11808b3d612bd086b46;Remplacement écran LCD Galaxy J4 Plus
5d66a11808b3d612bd086b47;Remplacement écran LCD Galaxy J6
5d66a11808b3d612bd086b48;Remplacement écran LCD Galaxy A20
5d66a11808b3d612bd086b49;Remplacement écran LCD Galaxy J1 2015
5d66a11808b3d612bd086b4a;Remplacement écran LCD Galaxy A10
5d66a11808b3d612bd086b4b;Remplacement écran LCD Galaxy A9
5d66a11808b3d612bd086b4c;Remplacement batterie Galaxy Grand Neo
5d66a11808b3d612bd086b4d;Remplacement batterie Galaxy A 2016
5d66a11808b3d612bd086b4e;Remplacement batterie Galaxy A3
5d66a11808b3d612bd086b4f;Remplacement écran LCD Galaxy A70
5d66a11808b3d612bd086b50;Remplacement batterie Galaxy A5 2017
5d66a11808b3d612bd086b51;Remplacement batterie Galaxy A5 2016
5d66a11808b3d612bd086b52;Remplacement batterie Galaxy A3 2017
5d66a11808b3d612bd086b53;Remplacement batterie Galaxy A5
5d66a11808b3d612bd086b54;Remplacement batterie Galaxy A8
5d66a11808b3d612bd086b55;Remplacement batterie Galaxy ACE
5d66a11808b3d612bd086b56;Remplacement batterie Galaxy ACE 3
5d66a11808b3d612bd086b57;Remplacement batterie Galaxy ACE 4
5d66a11808b3d612bd086b58;Remplacement batterie Galaxy ACE 2
5d66a11808b3d612bd086b59;Remplacement batterie Galaxy ACE 4 Lite
5d66a11808b3d612bd086b5a;Remplacement batterie Galaxy Core Prime
5d66a11808b3d612bd086b5b;Remplacement batterie Galaxy Prime 4G
5d66a11808b3d612bd086b5c;Remplacement batterie Galaxy Core 4G
5d66a11808b3d612bd086b5d;Remplacement batterie Galaxy Grand 2
5d66a11808b3d612bd086b5e;Remplacement batterie Galaxy Grand Plus
5d66a11808b3d612bd086b5f;Remplacement batterie Galaxy Express 2
5d66a11808b3d612bd086b60;Remplacement batterie Galaxy Grand
5d66a11808b3d612bd086b61;Remplacement batterie Galaxy Grand Prime VE
5d66a11808b3d612bd086b62;Remplacement batterie Galaxy Mega
5d66a11808b3d612bd086b63;Remplacement batterie Galaxy Grand Prime
5d66a11808b3d612bd086b64;Remplacement batterie Galaxy Note 1
5d66a11808b3d612bd086b65;Remplacement batterie Galaxy Note 3
5d66a11808b3d612bd086b66;Remplacement batterie Galaxy Note 2
5d66a11808b3d612bd086b67;Remplacement batterie Galaxy Note 3 Lite
5d66a11808b3d612bd086b68;Remplacement batterie Galaxy Note 4
5d66a11808b3d612bd086b69;Remplacement batterie Galaxy S2
5d66a11808b3d612bd086b6a;Remplacement batterie Galaxy J7 2017
5d66a11808b3d612bd086b6b;Remplacement batterie Galaxy S3
5d66a11808b3d612bd086b6c;Remplacement batterie Galaxy J5
5d66a11808b3d612bd086b6d;Remplacement batterie Galaxy S3 mini
5d66a11808b3d612bd086b6e;Remplacement batterie Galaxy S4
5d66a11808b3d612bd086b6f;Remplacement batterie Galaxy J5 2017
5d66a11808b3d612bd086b70;Remplacement batterie Galaxy S4 Active
5d66a11808b3d612bd086b71;Remplacement batterie Galaxy J7 2016
5d66a11808b3d612bd086b72;Remplacement batterie Galaxy S4 mini
5d66a11808b3d612bd086b73;Remplacement batterie Galaxy S5
5d66a11808b3d612bd086b74;Remplacement batterie Galaxy S5 mini
5d66a11808b3d612bd086b75;Remplacement batterie Galaxy S5 Neo
5d66a11808b3d612bd086b76;Remplacement batterie Galaxy J3 2016
5d66a11808b3d612bd086b77;Remplacement batterie Galaxy J3 2017
5d66a11808b3d612bd086b78;Remplacement batterie Galaxy S7 Edge
5d66a11808b3d612bd086b79;Remplacement batterie Galaxy S8 Plus
5d66a11808b3d612bd086b7a;Remplacement batterie Galaxy S8
5d66a11808b3d612bd086b7b;Remplacement batterie Galaxy S9
5d66a11808b3d612bd086b7c;Remplacement batterie Galaxy S9 Plus
5d66a11808b3d612bd086b7d;Remplacement batterie Galaxy S Duos
5d66a11808b3d612bd086b7e;Remplacement batterie Galaxy A6
5d66a11808b3d612bd086b7f;Remplacement batterie Galaxy Trend
5d66a11808b3d612bd086b80;Remplacement batterie Galaxy Trend Lite
5d66a11808b3d612bd086b81;Remplacement batterie Galaxy S6 Edge
5d66a11808b3d612bd086b82;Remplacement batterie Galaxy S6 Edge Plus
5d66a11808b3d612bd086b83;Remplacement batterie Galaxy S7
5d66a11808b3d612bd086b84;Remplacement batterie Galaxy A7 2018
5d66a11808b3d612bd086b85;Remplacement batterie Galaxy S6
5d66a11808b3d612bd086b86;Remplacement batterie Galaxy Xcover 3
5d66a11808b3d612bd086b87;Remplacement batterie Galaxy J5 2016
5d66a11808b3d612bd086b88;Remplacement batterie Galaxy Xcover 4
5d66a11808b3d612bd086b89;Remplacement batterie Galaxy Note 5
5d66a11808b3d612bd086b8a;Remplacement batterie Galaxy J2 Pro 2018
5d66a11808b3d612bd086b8b;Remplacement batterie Galaxy S10
5d66a11808b3d612bd086b8c;Remplacement batterie Galaxy S10 E
5d66a11808b3d612bd086b8d;Remplacement batterie Galaxy J1 2016
5d66a11808b3d612bd086b8e;Remplacement batterie Galaxy Alpha
5d66a11808b3d612bd086b8f;Remplacement batterie Galaxy S10 Plus
5d66a11808b3d612bd086b90;Remplacement batterie Galaxy A7 2017
5d66a11808b3d612bd086b91;Remplacement batterie Galaxy J6 Plus
5d66a11808b3d612bd086b92;Remplacement batterie Galaxy Note 8
5d66a11808b3d612bd086b93;Remplacement batterie Galaxy Note 9
5d66a11808b3d612bd086b94;Remplacement batterie Galaxy Trend 2 Lite
5d66a11808b3d612bd086b95;Remplacement batterie Galaxy A40
5d66a11808b3d612bd086b96;Remplacement batterie Galaxy A50
5d66a11808b3d612bd086b97;Remplacement batterie Galaxy A9
5d66a11808b3d612bd086b98;Remplacement batterie Galaxy A10
5d66a11808b3d612bd086b99;Remplacement écran LCD iPad Air 2
5d66a11808b3d612bd086b9a;Remplacement écran LCD iPad Air
5d66a11808b3d612bd086b9b;Remplacement batterie Galaxy J1 2015
5d66a11808b3d612bd086b9c;Remplacement batterie Galaxy A70
5d66a11808b3d612bd086b9d;Remplacement batterie Galaxy A20
5d66a11808b3d612bd086b9e;Remplacement écran LCD iPad 3
5d66a11808b3d612bd086b9f;Remplacement écran LCD iPad 4
5d66a11808b3d612bd086ba0;Remplacement écran LCD iPad 2
5d66a11808b3d612bd086ba1;Remplacement batterie Galaxy J4 Plus
5d66a11808b3d612bd086ba2;Remplacement écran LCD iPad 1
5d66a11808b3d612bd086ba3;Remplacement batterie Galaxy J6
5d66a11808b3d612bd086ba4;Remplacement écran LCD iPad mini 4
5d66a11808b3d612bd086ba5;Remplacement écran LCD iPad mini 2
5d66a11808b3d612bd086ba6;Remplacement écran LCD iPad mini 3
5d66a11808b3d612bd086ba7;Remplacement batterie Galaxy A6 Plus
5d66a11808b3d612bd086ba8;Remplacement écran LCD iPad Pro (11)
5d66a11808b3d612bd086ba9;Remplacement batterie iPad Air 2
5d66a11808b3d612bd086baa;"Remplacement écran LCD iPad Pro (12,9)"
5d66a11808b3d612bd086bab;Remplacement écran LCD iPad Pro 2
5d66a11808b3d612bd086bac;"Remplacement écran LCD iPad Pro (9,7)"
5d66a11808b3d612bd086bad;"Remplacement écran LCD iPad 2018 (9,7)"
5d66a11808b3d612bd086bae;Remplacement batterie iPad Air
5d66a11808b3d612bd086baf;Remplacement batterie iPad 4
5d66a11808b3d612bd086bb0;Remplacement écran LCD iPad mini
5d66a11808b3d612bd086bb1;Remplacement batterie iPad 3
5d66a11808b3d612bd086bb2;Remplacement écran LCD iPad 2017
5d66a11808b3d612bd086bb3;Remplacement batterie iPad 2
5d66a11808b3d612bd086bb4;Remplacement batterie iPad 1
5d66a11808b3d612bd086bb5;Remplacement batterie iPad mini 4
5d66a11808b3d612bd086bb6;Remplacement batterie iPad mini 3
5d66a11808b3d612bd086bb7;Remplacement batterie iPad mini 2
5d66a11808b3d612bd086bb8;"Remplacement écran LCD iPad Pro (10,5)"
5d66a11808b3d612bd086bb9;Remplacement batterie iPad mini
5d66a11808b3d612bd086bba;"Remplacement batterie iPad 2018 (9,7)"
5d66a11808b3d612bd086bbb;Remplacement écran LCD Galaxy Note N8020
5d66a11808b3d612bd086bbc;Remplacement écran LCD Galaxy Note P600
5d66a11808b3d612bd086bbd;Remplacement batterie iPad Pro 2
5d66a11808b3d612bd086bbe;Remplacement écran LCD Galaxy TAB
5d66a11808b3d612bd086bbf;Remplacement batterie iPad Pro (11)
5d66a11808b3d612bd086bc0;Remplacement écran LCD Galaxy Note N8000
5d66a11808b3d612bd086bc1;Remplacement écran LCD Galaxy TAB 3
5d66a11808b3d612bd086bc2;Remplacement écran LCD Galaxy TAB 2
5d66a11808b3d612bd086bc3;Remplacement écran LCD Galaxy TAB 3 (10.1)
5d66a11808b3d612bd086bc4;Remplacement écran LCD Galaxy TAB 3 (7.0) (T210/211)
5d66a11808b3d612bd086bc5;"Remplacement batterie iPad Pro (9,7)"
5d66a11808b3d612bd086bc6;"Remplacement batterie iPad Pro (12,9)"
5d66a11808b3d612bd086bc7;Remplacement écran LCD Galaxy TAB 3 (7.0) (T211/210)
5d66a11808b3d612bd086bc8;Remplacement écran LCD Galaxy TAB 3 (T110)
5d66a11808b3d612bd086bc9;Remplacement écran LCD Galaxy TAB 4
5d66a11808b3d612bd086bca;Remplacement écran LCD Galaxy TAB A T550
5d66a11808b3d612bd086bcb;Remplacement écran LCD Galaxy TAB 5 (10.5) (T800)
5d66a11808b3d612bd086bcc;Remplacement écran LCD Galaxy TAB E T560
5d66a11808b3d612bd086bcd;Remplacement écran LCD Galaxy TAB 4 (T230)
5d66a11808b3d612bd086bce;Remplacement écran LCD Galaxy TAB A (580)
5d66a11808b3d612bd086bcf;Remplacement écran LCD Galaxy TAB PRO (525)
5d66a11808b3d612bd086bd0;Remplacement écran LCD Galaxy TAB PRO (T520)
5d66a11808b3d612bd086bd1;Remplacement écran LCD Galaxy TAB (P600)
5d66a11808b3d612bd086bd2;Remplacement écran LCD Galaxy TAB 3 (T113)
5d66a11808b3d612bd086bd3;Remplacement écran LCD Galaxy TAB S (T700)
5d66a11808b3d612bd086bd4;Remplacement batterie iPad 2017
5d66a11808b3d612bd086bd5;"Remplacement batterie iPad Pro (10,5)"
5d66a11808b3d612bd086bd6;Remplacement écran LCD Galaxy TAB A (T280)
5d66a11808b3d612bd086bd7;Remplacement écran LCD Galaxy TAB S2
5d66a11808b3d612bd086bd8;Remplacement écran LCD Galaxy TAB S2 (T719)
5d66a11808b3d612bd086bd9;Remplacement batterie Galaxy Note N8000
5d66a11808b3d612bd086bda;Remplacement batterie Galaxy TAB 2
5d66a11808b3d612bd086bdb;Remplacement batterie Galaxy TAB 3 (10.1)
5d66a11808b3d612bd086bdc;Remplacement batterie Galaxy Note P600
5d66a11808b3d612bd086bdd;Remplacement batterie Galaxy TAB 3 (7.0) (T210/211)
5d66a11808b3d612bd086bde;Remplacement batterie Galaxy TAB 3
5d66a11808b3d612bd086bdf;Remplacement batterie Galaxy TAB 3 (T110)
5d66a11808b3d612bd086be0;Remplacement batterie Galaxy TAB 4
5d66a11808b3d612bd086be1;Remplacement batterie Galaxy TAB 4 (T230)
5d66a11808b3d612bd086be2;Remplacement batterie Galaxy TAB A (580)
5d66a11808b3d612bd086be3;Remplacement batterie Galaxy TAB A T550
5d66a11808b3d612bd086be4;Remplacement batterie Galaxy TAB E T560
5d66a11808b3d612bd086be5;Remplacement batterie Galaxy TAB 5 (10.5) (T800)
5d66a11808b3d612bd086be6;Remplacement batterie Galaxy TAB PRO (525)
5d66a11808b3d612bd086be7;Remplacement batterie Galaxy TAB PRO (T520)
5d66a11808b3d612bd086be8;Remplacement batterie Galaxy TAB
5d66a11808b3d612bd086be9;Remplacement batterie Galaxy TAB (P600)
5d66a11808b3d612bd086bea;Remplacement batterie Galaxy TAB 3 (T113)
5d66a11808b3d612bd086beb;Remplacement batterie Galaxy TAB S (T700)
5d66a11808b3d612bd086bec;Remplacement batterie Galaxy TAB 3 (7.0) (T211/210)
5d66a11808b3d612bd086bed;Remplacement batterie Galaxy TAB S2
5d66a11808b3d612bd086bee;Remplacement batterie Galaxy Note N8020
5d66a11808b3d612bd086bef;Remplacement batterie Galaxy TAB A (T280)
5d66a11808b3d612bd086bf0;Remplacement batterie Galaxy TAB S2 (T719)
5d66a11808b3d612bd086bf1;Pose de faïence/crédence
5d66a11808b3d612bd086bf2;Pose mosaïque
5d66a11808b3d612bd086bf3;Pose de plinthe
5d66a11808b3d612bd086bf4;Dépose de faïence ou crédence
5d66a11808b3d612bd086bf5;Dépose de carrelage
5d66a11808b3d612bd086bf6;Réparation de parquet
5d66a11808b3d612bd086bf7;Ponçage de parquet
5d66a11808b3d612bd086bf8;Nettoyage de parquet
5d66a11808b3d612bd086bf9;Dépose parquet
5d66a11808b3d612bd086bfa;Vitrification parquet
5d66a11808b3d612bd086bfb;Pose de jonc de mer
5d66a11808b3d612bd086bfc;Pose de moquette
5d66a11808b3d612bd086bfd;Pose de linoléum
5d66a11808b3d612bd086bfe;Pose de faux plafond
5d66a11808b3d612bd086bff;Pose de papier peint
5d66a11808b3d612bd086c00;Pose de plafond tendu
5d66a11808b3d612bd086c01;Pose de tissu tendu
5d66a11808b3d612bd086c02;Dépose de plinthe
5d66a11808b3d612bd086c03;Pose de béton ciré
5d66a11808b3d612bd086c04;Pose de parement
5d66a11808b3d612bd086c05;Pose de plaques PVC
5d66a11808b3d612bd086c06;Dépose de moquette
5d66a11808b3d612bd086c07;Dépose de mosaïque
5d66a11808b3d612bd086c08;Dépose de linoléum
5d66a11808b3d612bd086c09;Dépose de jonc de mer
5d66a11808b3d612bd086c0a;Décollage de papier peint
5d66a11808b3d612bd086c0b;Dépose de faux plafond
5d66a11808b3d612bd086c0c;Dépose de plafond tendu
5d66a11808b3d612bd086c0d;Dépose de tissu tendu
5d66a11808b3d612bd086c0e;Pose de carrelage
5d66a11808b3d612bd086c0f;Pose de parquet
5d66a11808b3d612bd086c10;Dépose de béton ciré
5d66a11808b3d612bd086c11;Dépose de parement
5d66a11808b3d612bd086c12;Installation serrure à clé
5d66a11808b3d612bd086c13;Installation serrure 3 points
5d66a11808b3d612bd086c14;Installation serrure à code
5d66a11808b3d612bd086c15;Installation d'un verrou
5d66a11808b3d612bd086c16;Barman
5d66a11808b3d612bd086c17;Service en salle midi et soir
5d66a11808b3d612bd086c18;Parage
5d66a11808b3d612bd086c19;Ferrure complète
5d66a11808b3d612bd086c1a;1/2 ferrure
5d66a11808b3d612bd086c1b;Pose fers chevaux lourds
5d66a11808b3d612bd086c1c;Service en salle soir
5d66a11808b3d612bd086c1d;Pose fers aluminium simple
5d66a11808b3d612bd086c1e;Pose fers aluminium orthopédique
5d66a11808b3d612bd086c1f;Pose fers forgé
5d66a11808b3d612bd086c20;Pose plaque
5d66a11808b3d612bd086c21;Application silicone amortissant
5d66a11808b3d612bd086c22;Ouverture de porte
5d66a11808b3d612bd086c23;Application résine de protection
5d66a11808b3d612bd086c24;Service en salle midi
5d66a11808b3d612bd086c25;Changement de serrure
5d66a11808b3d612bd086c26;Modification de fers
5d66a11808b3d612bd086c27;Modification de plaques
5d66a11808b3d612bd086c28;Mortaises
5d66a11808b3d612bd086c29;Installation serrure télécommandée
5d66a11808b3d612bd086c2a;Soin anti-âge
5d66a11808b3d612bd086c2b;Ferrure complète
5d66a11808b3d612bd086c2c;1/2 ferrure
5d66a11808b3d612bd086c2d;Soin purifiant
5d66a11808b3d612bd086c2e;Soin éclat
5d66a11808b3d612bd086c2f;Soin contour des yeux
5d66a11808b3d612bd086c30;Pose fer effet rolling
5d66a11808b3d612bd086c31;Soin hydratant
5d66a11808b3d612bd086c32;Parage
5d66a11808b3d612bd086c33;Sélection des vins & conseils
5d66a11808b3d612bd086c34;Brasure tuyauterie plomberie
5d66a11808b3d612bd086c35;Brasure réparation de portail en acier
5d66a11808b3d612bd086c36;Brasure mobilier d'art
5d66a11808b3d612bd086c37;Brasure objets divers en fonte
5d66a11808b3d612bd086c38;Brasure garde corps en acier ou fonte
5d66a11808b3d612bd086c39;Autre soudure en brasure fine
5d66a11808b3d612bd086c3a;Soudure tuyauterie vide et pompage
5d66a11808b3d612bd086c3b;Soudure échangeurs tubulaires en inox
5d66a11808b3d612bd086c3c;Soudure échangeurs de climatisation
5d66a11808b3d612bd086c3d;Soudure cadre vélo
5d66a11808b3d612bd086c3e;Autre soudure en acier
5d66a11808b3d612bd086c3f;Soudure objets d'art en étain
5d66a11808b3d612bd086c40;Soudure de tout type de raccord sur tuyauterie
5d66a11808b3d612bd086c41;Soudure enceinte de chaudronnerie cuivre
5d66a11808b3d612bd086c42;Brossage équin
5d66a11808b3d612bd086c43;Autre soudure en cuivre
5d66a11808b3d612bd086c44;Réparation de carters moto
5d66a11808b3d612bd086c45;Réparation de jantes auto & moto
5d66a11808b3d612bd086c46;Réparation de portail aluminium
5d66a11808b3d612bd086c47;Soudure cadre prototype auto & moto
5d66a11808b3d612bd086c48;Soudure rechargement de culasse ou d'élément moteur auto & moto
5d66a11808b3d612bd086c49;Soudure cadre VTT fissuré ou brisé
5d66a11808b3d612bd086c4a;Soudure mobilier d'art
5d66a11808b3d612bd086c4b;Autre soudure en aluminium
5d66a11808b3d612bd086c4c;Réparation de fissure ou trou sur pot d'échappement
5d66a11808b3d612bd086c4d;Tatouage henné main jusqu'au poignet 1 face
5d66a11808b3d612bd086c4e;Autre soudure en inox
5d66a11808b3d612bd086c4f;Soudure mobilier d'art
5d66a11808b3d612bd086c50;Tatouage henné main jusqu'au poignet 2 faces
5d66a11808b3d612bd086c51;Stockage de meubles
5d66a11808b3d612bd086c52;"Soudure enceinte à vide, échangeurs"
5d66a11808b3d612bd086c53;Tatouage main jusqu'au coude 1 face
5d66a11808b3d612bd086c54;Tatouage henné main jusqu'au coude 2 faces
5d66a11808b3d612bd086c55;Tatouage henné pied jusque cheville
5d66a11808b3d612bd086c56;Tatouage henné pied jusque genou
5d66a11808b3d612bd086c57;Soudure élément de carrosserie auto
5d66a11808b3d612bd086c58;Installation d'antenne
5d66a11808b3d612bd086c59;Installation de parabole
5d66a11808b3d612bd086c5a;Installation de home cinéma et Hi-fi
5d66a11808b3d612bd086c5b;Fixation au mur
5d66a11808b3d612bd086c5c;Installation de connectique TV
5d66a11808b3d612bd086c5d;Réparation de lecteur DVD
5d66a11808b3d612bd086c5e;Installation de vidéoprojecteur
5d66a11808b3d612bd086c5f;Réparation TV
5d66a11808b3d612bd086c60;Installation terrasse
5d66a11808b3d612bd086c61;Installation garde corps
5d66a11808b3d612bd086c62;Réparation terrasse
5d66a11808b3d612bd086c63;Réparation garde corps
5d66a11808b3d612bd086c64;Soudure cadre prototype auto & moto
5d66a11808b3d612bd086c65;Soudure réservoir à parois minces
5d66a11808b3d612bd086c66;Réparation balcon
5d66a11808b3d612bd086c67;Entretien terrasse
5d66a11808b3d612bd086c68;Renforcement balcon
5d66a11808b3d612bd086c69;Entretien balcon
5d66a11808b3d612bd086c6a;Application d'un saturateur bois façade
5d66a11808b3d612bd086c6b;Bitumage
5d66a11808b3d612bd086c6c;Application d'un saturateur escalier extérieur
5d66a11808b3d612bd086c6d;Bornage et piquetage
5d66a11808b3d612bd086c6e;Coupe tondeuse chien entre 10 et 25 kg
5d66a11808b3d612bd086c6f;Coupe tondeuse chien - 10 kg
5d66a11808b3d612bd086c70;Coupe ciseaux
5d66a11808b3d612bd086c71;Coupe des griffes
5d66a11808b3d612bd086c72;Démêlage+bain
5d66a11808b3d612bd086c73;Brossage chien
5d66a11808b3d612bd086c74;Tonte chat
5d66a11808b3d612bd086c75;Massage chien
5d66a11808b3d612bd086c76;Démêlage chat
5d66a11808b3d612bd086c77;Bain chat
5d66a11808b3d612bd086c78;Brossage chat
5d66a11808b3d612bd086c79;Soin des sabots et onglons moutons
5d66a11808b3d612bd086c7a;Pose de protege-griffes chat
5d66a11808b3d612bd086c7b;Décaissement
5d66a11808b3d612bd086c7c;Tonte de mouton
5d66a11808b3d612bd086c7d;Pose de chaume
5d66a11808b3d612bd086c7e;Pose d'ardoise
5d66a11808b3d612bd086c7f;Pose de lauzière
5d66a11808b3d612bd086c80;Remblaiement
5d66a11808b3d612bd086c81;Pose de tuiles
5d66a11808b3d612bd086c82;Pose de zingue
5d66a11808b3d612bd086c83;Application d'un saturateur terrasse
5d66a11808b3d612bd086c84;Pose de géotextile
5d66a11808b3d612bd086c85;Pose de panneau solaire
5d66a11808b3d612bd086c86;Dépose d'ardoise
5d66a11808b3d612bd086c87;Dépose de chaume
5d66a11808b3d612bd086c88;Dépose de lauzière
5d66a11808b3d612bd086c89;Entretien de chaume
5d66a11808b3d612bd086c8a;Dépose de tuiles
5d66a11808b3d612bd086c8b;Dépose de zingue
5d66a11808b3d612bd086c8c;Entretien de lauzière
5d66a11808b3d612bd086c8d;Entretien d'ardoise
5d66a11808b3d612bd086c8e;Entretien de tuiles
5d66a11808b3d612bd086c8f;Entretien de panneau solaire
5d66a11808b3d612bd086c90;Entretien de zingue
5d66a11808b3d612bd086c91;Traduction anglais
5d66a11808b3d612bd086c92;Dépose de panneau solaire
5d66a11808b3d612bd086c93;Traduction allemand
5d66a11808b3d612bd086c94;Traduction chinois
5d66a11808b3d612bd086c95;Traduction arabe
5d66a11808b3d612bd086c96;Traduction néerlandais
5d66a11808b3d612bd086c97;Traduction japonais
5d66a11808b3d612bd086c98;Traduction espagnol
5d66a11808b3d612bd086c99;Traduction portugais
5d66a11808b3d612bd086c9a;Traduction russe
5d66a11808b3d612bd086c9b;Traduction italien
5d66a11808b3d612bd086c9c;Traduction français
5d66a11808b3d612bd086c9d;Traduction serbe
5d66a11808b3d612bd086c9e;Traduction mandarin
5d66a11808b3d612bd086c9f;Cuissot de veau+accompagnement
5d66a11808b3d612bd086ca0;Cuisse de bœuf+accompagnement
5d66a11808b3d612bd086ca1;Cochon de lait+accompagnement
5d66a11808b3d612bd086ca2;Cassoulet traiteur
5d66a11808b3d612bd086ca3;Couscous traiteur
5d66a11808b3d612bd086ca4;Paella traiteur
5d66a11808b3d612bd086ca5;Jambon à l'os+accompagnement
5d66a11808b3d612bd086ca6;Chauffeur avec limousine
5d66a11808b3d612bd086ca7;Transfert aéroport
5d66a11808b3d612bd086ca8;Transport de groupe 15 places
5d66a11808b3d612bd086ca9;Tartiflette traiteur
5d66a11808b3d612bd086caa;Transport de groupe 6 places
5d66a11808b3d612bd086cab;Transport de groupe 12 places
5d66a11808b3d612bd086cac;Transport de groupe 9 places
5d66a11808b3d612bd086cad;Transport de chien
5d66a11808b3d612bd086cae;Choucroute traiteur
5d66a11808b3d612bd086caf;Transport de cheval
5d66a11808b3d612bd086cb0;Transport de poney
5d66a11808b3d612bd086cb1;Transport d'âne
5d66a11808b3d612bd086cb2;Chauffeur
5d66a11808b3d612bd086cb3;Méchoui+accompagnement
5d66a11808b3d612bd086cb4;Conception de costume sur mesure - 3 pièces
5d66a11808b3d612bd086cb5;Conception de robe courte
5d66a11808b3d612bd086cb6;Conception de costume sur mesure - 2 pièces
5d66a11808b3d612bd086cb7;Conception de robe mi-longue
5d66a11808b3d612bd086cb8;Conception de robe longue
5d66a11808b3d612bd086cb9;Conception de robe de mariée
5d66a11808b3d612bd086cba;Conception de robe orientale
5d66a11808b3d612bd086cbb;Conception de tailleur
5d66a11808b3d612bd086cbc;Caméraman
5d66a11808b3d612bd086cbd;Monteur vidéo
5d66a11808b3d612bd086cbe;Visite équins
5d66a11808b3d612bd086cbf;Pose de vitre
5d66a11808b3d612bd086cc0;Pose de joint
5d66a11808b3d612bd086cc1;Visite chat
5d66a11808b3d612bd086cc2;Réparation de joint
5d66a11808b3d612bd086cc3;Organisation séjour France
5d66a11808b3d612bd086cc4;Organisation séjour USA / Canada
5d66a11808b3d612bd086cc5;Organisation séjour Asie
5d66a11808b3d612bd086cc6;Organisation séjour Europe de l'Est
5d66a11808b3d612bd086cc7;Organisation séjour Europe
5d66a11808b3d612bd086cc8;Organisation séjour Afrique
5d66a11808b3d612bd086cc9;Organisation séjour Amérique du Sud
5d66a11808b3d612bd086cca;Guide touristique local
5d66a11808b3d612bd086ccb;Numérologie
5d66a11808b3d612bd086ccc;Visite chien
5d66a11808b3d612bd086ccd;Visite basse-cour
5d66a11808b3d612bd086cce;Pose gouttière
5d66a11808b3d612bd086ccf;Voyance
5d66a11808b3d612bd086cd0;Astrologie
5d66a11808b3d612bd086cd1;Dépose gouttière
5d66a11808b3d612bd086cd2;Entretien gouttière
