Catégories;Services;Prestations
Chariots élévateur à conducteur porté;Initiation + test CACES ® Cariste Catégories 3 et 5 (R489);Session de formation
Chariots élévateur à conducteur porté;Initiation + test CACES ® CARISTE Catégorie 7 (R489);Session de formation
Chariots élévateur à conducteur porté;Initiation + test CACES ® CARISTE Catégorie 5 (R489);Session de formation
Chariots élévateur à conducteur porté;Initiation + test CACES ® CARISTE Catégorie 4 (R489);Session de formation
Chariots élévateur à conducteur porté;Test CACES ® cariste Catégories 1A (R489) 3 et 5;Session de formation
Chariots élévateur à conducteur porté;Conduite sécurité cariste + test CACES ® Catégories 3 et 5 (R489);Session de formation
Chariots élévateur à conducteur porté;Renouvellement du test CACES ® Catégorie 7 (R489);Session de formation
Chariots élévateur à conducteur porté;Renouvellement du test CACES ® Cariste Catégories 1A et 3 (R489);Session de formation
Chariots élévateur à conducteur porté;Renouvellement du test CACES ® Cariste Catégories 3 et 5 (R489);Session de formation
Chariots élévateur à conducteur porté;Perfectionnement + test CACES ® Cariste catégories 1A (R489) 3 et 5;Session de formation
Chariots élévateur à conducteur porté;Perfectionnement + test CACES ® Cariste Catégories 1A (R489) et 5;Session de formation
Chariots élévateur à conducteur porté;Perfectionnement + test CACES ® Cariste Catégories 1A (R489) et 3;Session de formation
Grues mobiles;Initiation + test CACES ® R483 Grue mobile Cat B;Session de formation
Grues mobiles;Renouvellement + test CACES ® Grues mobiles;Session de formation
Grues mobiles;Perfectionnement + test CACES ® R483 Grue mobile Cat B;Session de formation
Grues à tour;Perfectionnement + test CACES ® Grues à tour;Session de formation
Grues à tour;Recyclage + test CACES ® Grues à tour;Session de formation
Grues à tour;Initiation + test CACES ® Grues à tour;Session de formation
Grues à tour;Test sec + test CACES ® grues à tour;Session de formation
Chariots de manutention automoteurs gerbeurs à conducteur accompagnant;Formation R485 - Initiation + CACES ® Chariots Gerbeurs CAT. 1 + CAT. 2;Session de formation
Chariots de manutention automoteurs gerbeurs à conducteur accompagnant;R485 - Perfectionnement + test CACES ® Chariots Gerbeurs Cat. 1 + Cat. 2;Session de formation
Chariots de manutention automoteurs gerbeurs à conducteur accompagnant;R485 - Test CACES ® Chariots Gerbeurs Cat. 1 + Cat. 2;Session de formation
Chariots de manutention automoteurs gerbeurs à conducteur accompagnant;R485 - Renouvellement CACES ® Chariots Gerbeurs Cat. 1 + Cat. 2;Session de formation
Chariots de manutention automoteurs gerbeurs à conducteur accompagnant;R485 - Renouvellement CACES ® Chariots Gerbeurs Cat. 1;Session de formation
Chariots de manutention automoteurs gerbeurs à conducteur accompagnant;R485 - Test CACES ® Chariots Gerbeurs Cat. 1;Session de formation
Chariots de manutention automoteurs gerbeurs à conducteur accompagnant;R485 - Perfectionnement CACES ® Chariots Gerbeurs Cat. 2;Session de formation
Chariots de manutention automoteurs gerbeurs à conducteur accompagnant;R485 - Initiation CACES ® Chariots Gerbeurs Cat. 2;Session de formation
Chariots de manutention automoteurs gerbeurs à conducteur accompagnant;R485 - Renouvellement CACES ® Chariots Gerbeurs Cat. 2;Session de formation
Engins de chantier;R482 - Initiation + test CACES ® Catégorie C1 Cat C1;Session de formation
Engins de chantier;R482 - Initiation + test CACES ® Catégorie A Cat A;Session de formation
Engins de chantier;R482 - Initiation + test CACES ® Catégories A – B1 Cat A;Session de formation
Engins de chantier;R482 - Initiation + test CACES ® Catégorie B1 Cat B1;Session de formation
Engins de chantier;R482 - Initiation + test CACES ® Catégories B1 – C1 Cat B1 : Engins d’extraction à déplacement séquentiel Cat C1;Session de formation
Engins de chantier;R482 - Perfectionnement + test CACES ® Catégorie A Cat A;Session de formation
Engins de chantier;R482 - Perfectionnement + test CACES ® Catégorie B2 Cat B2;Session de formation
Engins de chantier;R482 - Perfectionnement + test CACES ® Catégorie F Cat F;Session de formation
Engins de chantier;R482 - Renouvellement + test CACES ® Catégories A - F Cat A : Engins de chantier compacts Cat F;Session de formation
Engins de chantier;R482 - Perfectionnement + test CACES ® Catégorie D Cat D;Session de formation
Engins de chantier;R482 - Renouvellement + test CACES ® Catégories B1 – C1 Cat B1 : Engins d’extraction à déplacement séquentiel Cat C1;Session de formation
Engins de chantier;R482 - Perfectionnement + test CACES ® Catégories A – C1 Cat A : Engins de chantier compacts Cat C1;Session de formation
Grues de chargement;R490 - Renouvellement CACES ® Grue de chargement Option télécommande;Session de formation
Grues de chargement;R490 - Initiation CACES ® Grue de chargement Option télécommande;Session de formation
Grues de chargement;R490 - Perfectionnement CACES ® Grue de chargement Option télécommande;Session de formation
Grues de chargement;R490 - Renouvellement CACES ® Grue de chargement;Session de formation
Grues de chargement;R490 - Initiation CACES ® Grue de chargement;Session de formation
Grues de chargement;R490 - Test CACES ® Grue de chargement Option télécommande;Session de formation
Grues de chargement;R490 - Renouvellement CACES ® Grue auxiliaire de chargement (théorie en autonomie);Session de formation
Grues de chargement;R490 - Perfectionnement CACES ® Grue de chargement;Session de formation
Grues de chargement;Initiation CACES Grues Aux. - Option télécommande;Session de formation
Grues de chargement;Evaluation théorique CACES® R490 Grue de chargement;Session de formation
Plates-formes élévatrices mobiles de personnel (PEMP);R486 - Perfectionnement + test CACES ® PEMP Cat. A + Cat. B;Session de formation
Plates-formes élévatrices mobiles de personnel (PEMP);R486 - Renouvellement + test CACES ® PEMP Cat. A + Cat. B;Session de formation
Plates-formes élévatrices mobiles de personnel (PEMP);R486 - Perfectionnement + test CACES ® PEMP Cat. A + Cat. B Option porte-engins;Session de formation
Plates-formes élévatrices mobiles de personnel (PEMP);R486 – Test sec CACES ® PEMP Cat. A et Cat. B Option porte-engins;Session de formation
Plates-formes élévatrices mobiles de personnel (PEMP);R486 – Test sec CACES ® PEMP Cat. A et Cat. B;Session de formation
Plates-formes élévatrices mobiles de personnel (PEMP);R486 - Initiation CACES ® PEMP Cat. A + Cat. B Option porte-engins;Session de formation
Plates-formes élévatrices mobiles de personnel (PEMP);Renouvellement CACES ® R484 Pont roulant et Portiques Cat 1;Session de formation
Plates-formes élévatrices mobiles de personnel (PEMP);Renouvellement CACES ® R484 Pont roulant et Portiques Cat 2;Session de formation
Plates-formes élévatrices mobiles de personnel (PEMP);Titre Professionnel Conducteur du Transport Routier de Marchandises sur tous Véhicules;Session de formation
Plates-formes élévatrices mobiles de personnel (PEMP);Formation Pontier-élingueur - conduite au sol;Session de formation
Plates-formes élévatrices mobiles de personnel (PEMP);Formation Pontier-élingueur - conduite au sol (Perfectionnement);Session de formation
Plates-formes élévatrices mobiles de personnel (PEMP);Formation Recyclage : Pontier-élingueur (sol/cabine);Session de formation
Ponts roulants et Portiques;Renouvellement CACES ® R484 Pont roulant et Portiques Cat 1;Session de formation
Ponts roulants et Portiques;Renouvellement CACES ® R484 Pont roulant et Portiques Cat 2;Session de formation
Ponts roulants et Portiques;Titre Professionnel Conducteur du Transport Routier de Marchandises sur tous Véhicules;Session de formation
Ponts roulants et Portiques;Formation Pontier-élingueur - conduite au sol;Session de formation
Ponts roulants et Portiques;Formation Pontier-élingueur - conduite au sol (Perfectionnement);Session de formation
Ponts roulants et Portiques;Formation Recyclage : Pontier-élingueur (sol/cabine);Session de formation
Engins de Chantier;;Session de formation
Grues Mobiles;;Session de formation
Grues à Tour;;Session de formation
Grues de Chargement;;Session de formation
Plates-formes élévatrices mobiles de personnel (PEMP);;Session de formation
Autorisation d'Intervention à Proximité des Réseaux - AIPR - Opérateur;;Session de formation
Autorisation d'Intervention à Proximité des Réseaux - AIPR - Encadrant;;Session de formation
Autorisation d'Intervention à Proximité des Réseaux - AIPR - Concepteur;;Session de formation
Formation Continue Obligatoire - FCO - Transport de Marchandises - 1ère Session;;Session de formation
Formation Continue Obligatoire - FCO - Transport de Marchandises - 2ème session;;Session de formation
Formation Continue Obligatoire - FCO - Transport de Marchandises;;Session de formation
TP de Conducteur du Transport Routier de Marchandises sur porteur - Rattrapage + Session d’examen;;Session de formation
Formations initiales de base et spécialisations Conducteurs Matières dangereuses;;Session de formation
Formations recyclage de base et spécialisations Conducteurs Matières dangereuses;;Session de formation
Formations Conducteurs matières dangereuses non soumis au certificat ADR;;Session de formation
Formation Matières Dangereuses Chapitre 1.3 ADR;;Session de formation
Formation E-ADR Expédition matières dangereuses;;Session de formation
Formation E-ADR Manutention des colis de matières dangereuses;;Session de formation
Stockage de Produits Dangereux;;Session de formation
Prévention du Risque Chimique;;Session de formation
Formation au Transport Multimodal International de Matières Dangereuses;;Session de formation
Transport multimodal : Formations Matières Dangereuses;;Session de formation
IATA Transport Aérien : Formations Matières Dangereuses;;Session de formation
IMDG Transport Maritime;;Session de formation
Titre Professionnel Conducteur(trice) de Transport en Commun sur Route;;Session de formation
Formation Initiale Minimale Obligatoire - FIMO - Transport de Voyageurs;;Session de formation
FIMO Transport de Voyageurs - Rattrapage en cas d’absence;;Session de formation
E-cariste : la formation CACES ® en ligne pour devenir un professionnel de la conduite d’engins;Renouvellement CACES e-cariste Catégories 3-5;Session de formation
E-cariste : la formation CACES ® en ligne pour devenir un professionnel de la conduite d’engins;Renouvellement CACES e-cariste Catégorie 3;Session de formation
Hygiène de vie du conducteur en e-learning;;Session de formation
Préparation aux interro écrites et orales du groupe lourd (fiches) - e-learning;;Session de formation
Préparation à l'ETG du code de la route - e-learning;;Session de formation
AC Marchandises +3,5t Actualisation Internet 35 h;;Session de formation
Manutention des colis de Matières dangereuses 100% e-learning;Manutention des colis de matières dangereuses - 100% E-Learning;Session de formation
Manutention des colis de Matières dangereuses 100% e-learning;Expédition de matières dangereuses : Personnel administratif-Exploitant 100 % e-learning;Session de formation
Manutention des colis de Matières dangereuses 100% e-learning;Expédition de Matières Dangereuses - Classe 7 incluse : Personnel Admnistratif-Exploitant;Session de formation
Expédition de matières dangereuses : Personnel administratif-Exploitant;;Session de formation
Anglais pratique du transport en auto formation;;Session de formation
Spécialisation des conducteurs des activités du déchet (e-learning);Spécialisation des conducteurs des activités du déchet - E-learning;Session de formation
Formation en ligne e-arrimage;Arrimage - E-learning;Session de formation
Titre Professionnel Conducteur(rice) du Transport Routier de Marchandises sur Porteur;;Session de formation
Formation Initiale Minimale Obligatoire - FIMO – Transport de Marchandises;;Session de formation
Titre Professionnel Conducteur(trice) du Transport Routier de Marchandises sur tous Véhicules;;Session de formation
Titre Professionnel de Conducteur du Transport Routier de Marchandises sur porteur Rattrapage;;Session de formation
Titre Professionnel de Conducteur du Transport Routier de Marchandises sur tous véhicules Rattrapage;;Session de formation
Titre Professionnel Conducteur du transport routier de marchandises Module de rattrapage;;Session de formation
FIMO Transport de Marchandises Rattrapage en cas d’absence;;Session de formation
Habilitation Électrique;;Session de formation
FCO (Formation Continue Obligatoire) Transport de Voyageurs;;Session de formation
Formation Continue Obligatoire - FCO - Transport de Voyageurs - 1ère Session;;Session de formation
Formation Continue Obligatoire - FCO - Transport de Voyageurs - 2ème session;;Session de formation
CAP Déménageur sur véhicule utilitaire léger (alternance);;Session de formation
CQP Déménageur Professionnel conducteur poids-lourds;;Session de formation
Attestation de Capacité Marchandises;;Session de formation
Attestation de Capacité Voyageurs;;Session de formation
Attestation de Capacité Commissionnaire de Transport;;Session de formation
E-Attestation de Capacité;;Session de formation
Attestation de Capacité Transport Léger Marchandises - Actualisation des connaissances réglementaires;;Session de formation
Attestation de Capacité Transport de Personnes - Actualisation des connaissances réglementaires;;Session de formation
Transport Multimodal International de Matières Dangereuses;;Session de formation
IATA Transport aérien de Matières Dangereuses;;Session de formation
IMDG Transport Maritime de Matières Dangereuses;;Session de formation
Technicien Supérieur Transport Aérien et Maritime de Marchandises;;Session de formation
Manager Transport Logistique Commerce International;;Session de formation
Permis;;Session de formation
Formations AIPR;;Session de formation
Formations Habilitation Electrique;;Session de formation
Formations Sauveteur Secouriste du Travail;;Session de formation
Formations Gestes et Postures;;Session de formation
Le programme Transportez-vous bien;;Session de formation
Les fondamentaux en réglementation et droit du transport de marchandises;;Session de formation
Manager et piloter les ressources humaines;;Session de formation
Appel d’offres : établir une stratégie gagnante pour les mener et les remporter;;Session de formation
Formation Exploitants : Améliorer sa communication avec les conducteurs et les clients;;Session de formation
Maîtriser les procédures de passation des marchés et DSP en transport public;;Session de formation
Mener un entretien professionnel;;Session de formation
Maîtriser les opérations logistiques en entrepôt;;Session de formation
Coût de revient d’une prestation transport (lots et messagerie);;Session de formation
